Vessels,Cranes,Generations,Crossover,Mutation,BestDelay,TimeMS
50,10,20,0.00,0.00,2906,26
50,10,20,0.00,0.01,2793,17
50,10,20,0.00,0.02,2992,16
50,10,20,0.00,0.05,2698,15
50,10,20,0.00,0.10,2853,15
50,10,20,0.00,0.20,2505,17
50,10,20,0.00,0.30,2969,15
50,10,20,0.00,0.40,2720,16
50,10,20,0.00,0.50,3088,16
50,10,20,0.00,0.60,2876,17
50,10,20,0.00,0.70,2658,16
50,10,20,0.00,0.80,2887,17
50,10,20,0.00,0.90,2836,14
50,10,20,0.00,1.00,2556,114
50,10,20,0.01,0.00,2773,15
50,10,20,0.01,0.01,2872,16
50,10,20,0.01,0.02,2869,15
50,10,20,0.01,0.05,3166,16
50,10,20,0.01,0.10,3326,15
50,10,20,0.01,0.20,2745,15
50,10,20,0.01,0.30,3068,16
50,10,20,0.01,0.40,2807,15
50,10,20,0.01,0.50,2817,17
50,10,20,0.01,0.60,3043,15
50,10,20,0.01,0.70,3408,16
50,10,20,0.01,0.80,2809,16
50,10,20,0.01,0.90,2782,26
50,10,20,0.01,1.00,2612,109
50,10,20,0.02,0.00,3013,16
50,10,20,0.02,0.01,3005,16
50,10,20,0.02,0.02,2914,16
50,10,20,0.02,0.05,2766,16
50,10,20,0.02,0.10,2871,16
50,10,20,0.02,0.20,3076,17
50,10,20,0.02,0.30,2839,16
50,10,20,0.02,0.40,3050,19
50,10,20,0.02,0.50,2639,18
50,10,20,0.02,0.60,2646,17
50,10,20,0.02,0.70,2817,18
50,10,20,0.02,0.80,2519,21
50,10,20,0.02,0.90,2668,23
50,10,20,0.02,1.00,2674,115
50,10,20,0.05,0.00,2889,17
50,10,20,0.05,0.01,2634,17
50,10,20,0.05,0.02,2959,17
50,10,20,0.05,0.05,2807,17
50,10,20,0.05,0.10,2966,18
50,10,20,0.05,0.20,3255,17
50,10,20,0.05,0.30,3108,18
50,10,20,0.05,0.40,3033,17
50,10,20,0.05,0.50,2827,17
50,10,20,0.05,0.60,2947,17
50,10,20,0.05,0.70,2662,17
50,10,20,0.05,0.80,3159,15
50,10,20,0.05,0.90,2580,19
50,10,20,0.05,1.00,2584,117
50,10,20,0.10,0.00,2918,15
50,10,20,0.10,0.01,3004,16
50,10,20,0.10,0.02,3041,15
50,10,20,0.10,0.05,2715,16
50,10,20,0.10,0.10,3255,15
50,10,20,0.10,0.20,2805,16
50,10,20,0.10,0.30,3100,15
50,10,20,0.10,0.40,2754,17
50,10,20,0.10,0.50,2621,15
50,10,20,0.10,0.60,3034,16
50,10,20,0.10,0.70,2974,15
50,10,20,0.10,0.80,2941,15
50,10,20,0.10,0.90,2724,23
50,10,20,0.10,1.00,2666,105
50,10,20,0.20,0.00,3099,15
50,10,20,0.20,0.01,2953,16
50,10,20,0.20,0.02,2686,15
50,10,20,0.20,0.05,2771,16
50,10,20,0.20,0.10,3140,16
50,10,20,0.20,0.20,2807,15
50,10,20,0.20,0.30,2885,16
50,10,20,0.20,0.40,2950,15
50,10,20,0.20,0.50,2668,15
50,10,20,0.20,0.60,2676,15
50,10,20,0.20,0.70,2939,22
50,10,20,0.20,0.80,2769,26
50,10,20,0.20,0.90,2739,25
50,10,20,0.20,1.00,2638,109
50,10,20,0.30,0.00,2989,16
50,10,20,0.30,0.01,3177,17
50,10,20,0.30,0.02,2656,16
50,10,20,0.30,0.05,3129,17
50,10,20,0.30,0.10,2689,17
50,10,20,0.30,0.20,2635,16
50,10,20,0.30,0.30,3018,17
50,10,20,0.30,0.40,2650,17
50,10,20,0.30,0.50,2902,17
50,10,20,0.30,0.60,2891,17
50,10,20,0.30,0.70,2551,18
50,10,20,0.30,0.80,2706,21
50,10,20,0.30,0.90,2583,20
50,10,20,0.30,1.00,2431,108
50,10,20,0.40,0.00,2873,16
50,10,20,0.40,0.01,2681,15
50,10,20,0.40,0.02,2640,16
50,10,20,0.40,0.05,2966,16
50,10,20,0.40,0.10,2857,16
50,10,20,0.40,0.20,2611,15
50,10,20,0.40,0.30,2684,16
50,10,20,0.40,0.40,3032,16
50,10,20,0.40,0.50,3005,15
50,10,20,0.40,0.60,2574,16
50,10,20,0.40,0.70,2671,15
50,10,20,0.40,0.80,2680,16
50,10,20,0.40,0.90,2498,30
50,10,20,0.40,1.00,2580,107
50,10,20,0.50,0.00,2594,15
50,10,20,0.50,0.01,2806,15
50,10,20,0.50,0.02,2698,16
50,10,20,0.50,0.05,3193,16
50,10,20,0.50,0.10,2965,16
50,10,20,0.50,0.20,3067,15
50,10,20,0.50,0.30,2880,16
50,10,20,0.50,0.40,2740,16
50,10,20,0.50,0.50,2629,15
50,10,20,0.50,0.60,2716,15
50,10,20,0.50,0.70,2922,17
50,10,20,0.50,0.80,2466,23
50,10,20,0.50,0.90,2784,24
50,10,20,0.50,1.00,2606,110
50,10,20,0.60,0.00,2708,16
50,10,20,0.60,0.01,2873,17
50,10,20,0.60,0.02,2837,18
50,10,20,0.60,0.05,2937,18
50,10,20,0.60,0.10,2757,17
50,10,20,0.60,0.20,2734,17
50,10,20,0.60,0.30,3209,18
50,10,20,0.60,0.40,2551,17
50,10,20,0.60,0.50,2696,18
50,10,20,0.60,0.60,2797,15
50,10,20,0.60,0.70,2891,16
50,10,20,0.60,0.80,2572,15
50,10,20,0.60,0.90,2713,16
50,10,20,0.60,1.00,2507,107
50,10,20,0.70,0.00,3217,16
50,10,20,0.70,0.01,3390,16
50,10,20,0.70,0.02,2807,15
50,10,20,0.70,0.05,2852,16
50,10,20,0.70,0.10,2794,15
50,10,20,0.70,0.20,2624,16
50,10,20,0.70,0.30,2710,15
50,10,20,0.70,0.40,2648,16
50,10,20,0.70,0.50,2780,16
50,10,20,0.70,0.60,2666,16
50,10,20,0.70,0.70,3117,17
50,10,20,0.70,0.80,2856,17
50,10,20,0.70,0.90,2831,19
50,10,20,0.70,1.00,2577,117
50,10,20,0.80,0.00,3165,16
50,10,20,0.80,0.01,2715,16
50,10,20,0.80,0.02,3267,16
50,10,20,0.80,0.05,2595,15
50,10,20,0.80,0.10,2607,16
50,10,20,0.80,0.20,2871,15
50,10,20,0.80,0.30,3225,15
50,10,20,0.80,0.40,2801,15
50,10,20,0.80,0.50,2576,16
50,10,20,0.80,0.60,2786,15
50,10,20,0.80,0.70,3367,15
50,10,20,0.80,0.80,2780,17
50,10,20,0.80,0.90,2511,25
50,10,20,0.80,1.00,2577,109
50,10,20,0.90,0.00,2831,16
50,10,20,0.90,0.01,2958,15
50,10,20,0.90,0.02,2581,16
50,10,20,0.90,0.05,3108,16
50,10,20,0.90,0.10,2816,15
50,10,20,0.90,0.20,3143,16
50,10,20,0.90,0.30,2869,16
50,10,20,0.90,0.40,2776,15
50,10,20,0.90,0.50,2910,16
50,10,20,0.90,0.60,2718,19
50,10,20,0.90,0.70,2670,26
50,10,20,0.90,0.80,2811,28
50,10,20,0.90,0.90,2547,23
50,10,20,0.90,1.00,2582,115
50,10,20,1.00,0.00,2975,18
50,10,20,1.00,0.01,2788,15
50,10,20,1.00,0.02,2857,16
50,10,20,1.00,0.05,2656,16
50,10,20,1.00,0.10,2831,15
50,10,20,1.00,0.20,2795,16
50,10,20,1.00,0.30,2974,15
50,10,20,1.00,0.40,2845,21
50,10,20,1.00,0.50,2940,19
50,10,20,1.00,0.60,2789,15
50,10,20,1.00,0.70,2857,16
50,10,20,1.00,0.80,2877,18
50,10,20,1.00,0.90,2664,16
50,10,20,1.00,1.00,2771,85
50,20,20,0.00,0.00,1523,15
50,20,20,0.00,0.01,1757,16
50,20,20,0.00,0.02,1645,16
50,20,20,0.00,0.05,1576,15
50,20,20,0.00,0.10,1714,22
50,20,20,0.00,0.20,1673,16
50,20,20,0.00,0.30,1617,16
50,20,20,0.00,0.40,1895,16
50,20,20,0.00,0.50,1643,17
50,20,20,0.00,0.60,1397,17
50,20,20,0.00,0.70,1645,15
50,20,20,0.00,0.80,1512,17
50,20,20,0.00,0.90,1696,24
50,20,20,0.00,1.00,1395,109
50,20,20,0.01,0.00,1439,15
50,20,20,0.01,0.01,1610,19
50,20,20,0.01,0.02,1722,16
50,20,20,0.01,0.05,1708,15
50,20,20,0.01,0.10,1765,17
50,20,20,0.01,0.20,1675,16
50,20,20,0.01,0.30,1487,16
50,20,20,0.01,0.40,1889,16
50,20,20,0.01,0.50,1558,17
50,20,20,0.01,0.60,1326,16
50,20,20,0.01,0.70,1313,16
50,20,20,0.01,0.80,1414,18
50,20,20,0.01,0.90,1530,20
50,20,20,0.01,1.00,1341,124
50,20,20,0.02,0.00,1909,16
50,20,20,0.02,0.01,1764,17
50,20,20,0.02,0.02,1931,19
50,20,20,0.02,0.05,1476,20
50,20,20,0.02,0.10,1957,15
50,20,20,0.02,0.20,1497,16
50,20,20,0.02,0.30,1538,15
50,20,20,0.02,0.40,1822,17
50,20,20,0.02,0.50,1763,16
50,20,20,0.02,0.60,1800,16
50,20,20,0.02,0.70,1681,16
50,20,20,0.02,0.80,1577,15
50,20,20,0.02,0.90,1346,19
50,20,20,0.02,1.00,1405,108
50,20,20,0.05,0.00,1616,15
50,20,20,0.05,0.01,1765,16
50,20,20,0.05,0.02,1641,16
50,20,20,0.05,0.05,1593,16
50,20,20,0.05,0.10,1905,16
50,20,20,0.05,0.20,1736,16
50,20,20,0.05,0.30,1667,16
50,20,20,0.05,0.40,1753,16
50,20,20,0.05,0.50,1655,15
50,20,20,0.05,0.60,1505,15
50,20,20,0.05,0.70,1526,16
50,20,20,0.05,0.80,1581,22
50,20,20,0.05,0.90,1386,30
50,20,20,0.05,1.00,1272,107
50,20,20,0.10,0.00,1562,16
50,20,20,0.10,0.01,1627,15
50,20,20,0.10,0.02,1381,16
50,20,20,0.10,0.05,1574,15
50,20,20,0.10,0.10,1664,15
50,20,20,0.10,0.20,1663,16
50,20,20,0.10,0.30,1507,16
50,20,20,0.10,0.40,1569,15
50,20,20,0.10,0.50,1493,16
50,20,20,0.10,0.60,1674,15
50,20,20,0.10,0.70,1604,16
50,20,20,0.10,0.80,1600,15
50,20,20,0.10,0.90,1289,17
50,20,20,0.10,1.00,1455,107
50,20,20,0.20,0.00,1557,17
50,20,20,0.20,0.01,1701,16
50,20,20,0.20,0.02,1770,16
50,20,20,0.20,0.05,1664,16
50,20,20,0.20,0.10,1582,16
50,20,20,0.20,0.20,1714,16
50,20,20,0.20,0.30,1562,15
50,20,20,0.20,0.40,1535,18
50,20,20,0.20,0.50,1445,16
50,20,20,0.20,0.60,1516,17
50,20,20,0.20,0.70,1708,16
50,20,20,0.20,0.80,1621,17
50,20,20,0.20,0.90,1339,50
50,20,20,0.20,1.00,1419,111
50,20,20,0.30,0.00,1379,15
50,20,20,0.30,0.01,1829,16
50,20,20,0.30,0.02,1542,15
50,20,20,0.30,0.05,1679,16
50,20,20,0.30,0.10,1389,18
50,20,20,0.30,0.20,1779,15
50,20,20,0.30,0.30,1683,15
50,20,20,0.30,0.40,1596,16
50,20,20,0.30,0.50,1635,16
50,20,20,0.30,0.60,1962,16
50,20,20,0.30,0.70,1521,20
50,20,20,0.30,0.80,1657,19
50,20,20,0.30,0.90,1532,26
50,20,20,0.30,1.00,1290,106
50,20,20,0.40,0.00,1815,15
50,20,20,0.40,0.01,1504,16
50,20,20,0.40,0.02,1795,16
50,20,20,0.40,0.05,1866,16
50,20,20,0.40,0.10,1613,15
50,20,20,0.40,0.20,1697,16
50,20,20,0.40,0.30,1581,15
50,20,20,0.40,0.40,1640,16
50,20,20,0.40,0.50,1768,18
50,20,20,0.40,0.60,1610,15
50,20,20,0.40,0.70,1626,20
50,20,20,0.40,0.80,1602,22
50,20,20,0.40,0.90,1505,21
50,20,20,0.40,1.00,1402,107
50,20,20,0.50,0.00,1596,16
50,20,20,0.50,0.01,1593,15
50,20,20,0.50,0.02,1447,15
50,20,20,0.50,0.05,1439,16
50,20,20,0.50,0.10,1671,16
50,20,20,0.50,0.20,1626,16
50,20,20,0.50,0.30,1599,15
50,20,20,0.50,0.40,1484,16
50,20,20,0.50,0.50,1424,16
50,20,20,0.50,0.60,1602,15
50,20,20,0.50,0.70,1367,20
50,20,20,0.50,0.80,1691,15
50,20,20,0.50,0.90,1460,16
50,20,20,0.50,1.00,1492,106
50,20,20,0.60,0.00,1867,15
50,20,20,0.60,0.01,1805,16
50,20,20,0.60,0.02,1631,15
50,20,20,0.60,0.05,1792,16
50,20,20,0.60,0.10,1442,15
50,20,20,0.60,0.20,1682,15
50,20,20,0.60,0.30,1634,15
50,20,20,0.60,0.40,1407,15
50,20,20,0.60,0.50,1560,16
50,20,20,0.60,0.60,1253,18
50,20,20,0.60,0.70,1493,17
50,20,20,0.60,0.80,1642,17
50,20,20,0.60,0.90,1360,21
50,20,20,0.60,1.00,1412,106
50,20,20,0.70,0.00,1668,16
50,20,20,0.70,0.01,1800,15
50,20,20,0.70,0.02,2013,16
50,20,20,0.70,0.05,1702,15
50,20,20,0.70,0.10,1709,16
50,20,20,0.70,0.20,1495,15
50,20,20,0.70,0.30,2036,15
50,20,20,0.70,0.40,1724,16
50,20,20,0.70,0.50,1482,15
50,20,20,0.70,0.60,1580,16
50,20,20,0.70,0.70,1854,16
50,20,20,0.70,0.80,1685,20
50,20,20,0.70,0.90,1318,24
50,20,20,0.70,1.00,1359,107
50,20,20,0.80,0.00,1777,16
50,20,20,0.80,0.01,2001,15
50,20,20,0.80,0.02,1683,15
50,20,20,0.80,0.05,2045,16
50,20,20,0.80,0.10,1991,15
50,20,20,0.80,0.20,1607,17
50,20,20,0.80,0.30,1739,15
50,20,20,0.80,0.40,1622,15
50,20,20,0.80,0.50,1623,16
50,20,20,0.80,0.60,1516,16
50,20,20,0.80,0.70,1683,15
50,20,20,0.80,0.80,1537,19
50,20,20,0.80,0.90,1883,15
50,20,20,0.80,1.00,1251,112
50,20,20,0.90,0.00,1982,16
50,20,20,0.90,0.01,1680,15
50,20,20,0.90,0.02,1619,16
50,20,20,0.90,0.05,1672,15
50,20,20,0.90,0.10,1424,16
50,20,20,0.90,0.20,1991,16
50,20,20,0.90,0.30,1660,16
50,20,20,0.90,0.40,1747,15
50,20,20,0.90,0.50,1775,16
50,20,20,0.90,0.60,1611,15
50,20,20,0.90,0.70,1513,17
50,20,20,0.90,0.80,1455,17
50,20,20,0.90,0.90,1470,19
50,20,20,0.90,1.00,1279,111
50,20,20,1.00,0.00,1454,16
50,20,20,1.00,0.01,1541,15
50,20,20,1.00,0.02,1832,16
50,20,20,1.00,0.05,1794,15
50,20,20,1.00,0.10,1707,16
50,20,20,1.00,0.20,1621,15
50,20,20,1.00,0.30,1690,16
50,20,20,1.00,0.40,1644,16
50,20,20,1.00,0.50,1688,15
50,20,20,1.00,0.60,1386,15
50,20,20,1.00,0.70,1536,16
50,20,20,1.00,0.80,1456,17
50,20,20,1.00,0.90,1461,15
50,20,20,1.00,1.00,1619,86
93,10,20,0.00,0.00,13052,31
93,10,20,0.00,0.01,14792,29
93,10,20,0.00,0.02,13505,30
93,10,20,0.00,0.05,16232,29
93,10,20,0.00,0.10,14091,29
93,10,20,0.00,0.20,13310,30
93,10,20,0.00,0.30,12984,29
93,10,20,0.00,0.40,13942,29
93,10,20,0.00,0.50,12887,32
93,10,20,0.00,0.60,12459,33
93,10,20,0.00,0.70,12721,30
93,10,20,0.00,0.80,13241,33
93,10,20,0.00,0.90,12729,42
93,10,20,0.00,1.00,12845,217
93,10,20,0.01,0.00,13888,28
93,10,20,0.01,0.01,13958,29
93,10,20,0.01,0.02,13217,28
93,10,20,0.01,0.05,13516,27
93,10,20,0.01,0.10,13052,29
93,10,20,0.01,0.20,14384,29
93,10,20,0.01,0.30,13202,28
93,10,20,0.01,0.40,13679,29
93,10,20,0.01,0.50,13435,28
93,10,20,0.01,0.60,13000,39
93,10,20,0.01,0.70,12337,27
93,10,20,0.01,0.80,13064,34
93,10,20,0.01,0.90,14030,30
93,10,20,0.01,1.00,12624,226
93,10,20,0.02,0.00,13336,28
93,10,20,0.02,0.01,14285,37
93,10,20,0.02,0.02,14323,34
93,10,20,0.02,0.05,13813,30
93,10,20,0.02,0.10,13764,30
93,10,20,0.02,0.20,14655,33
93,10,20,0.02,0.30,13166,28
93,10,20,0.02,0.40,13993,31
93,10,20,0.02,0.50,13139,31
93,10,20,0.02,0.60,14842,27
93,10,20,0.02,0.70,13407,28
93,10,20,0.02,0.80,13224,52
93,10,20,0.02,0.90,13117,31
93,10,20,0.02,1.00,12625,220
93,10,20,0.05,0.00,12824,29
93,10,20,0.05,0.01,13425,30
93,10,20,0.05,0.02,13415,28
93,10,20,0.05,0.05,13701,29
93,10,20,0.05,0.10,13388,28
93,10,20,0.05,0.20,13516,30
93,10,20,0.05,0.30,13680,28
93,10,20,0.05,0.40,13898,27
93,10,20,0.05,0.50,13845,28
93,10,20,0.05,0.60,13388,28
93,10,20,0.05,0.70,13798,28
93,10,20,0.05,0.80,13990,27
93,10,20,0.05,0.90,12856,48
93,10,20,0.05,1.00,12487,213
93,10,20,0.10,0.00,13444,27
93,10,20,0.10,0.01,12556,29
93,10,20,0.10,0.02,12938,29
93,10,20,0.10,0.05,12980,31
93,10,20,0.10,0.10,15409,29
93,10,20,0.10,0.20,12914,28
93,10,20,0.10,0.30,14213,28
93,10,20,0.10,0.40,13785,30
93,10,20,0.10,0.50,12767,29
93,10,20,0.10,0.60,14278,28
93,10,20,0.10,0.70,13309,30
93,10,20,0.10,0.80,12605,33
93,10,20,0.10,0.90,14220,26
93,10,20,0.10,1.00,12546,211
93,10,20,0.20,0.00,13702,28
93,10,20,0.20,0.01,14463,28
93,10,20,0.20,0.02,13684,29
93,10,20,0.20,0.05,13848,28
93,10,20,0.20,0.10,13879,29
93,10,20,0.20,0.20,13289,28
93,10,20,0.20,0.30,13032,28
93,10,20,0.20,0.40,15131,27
93,10,20,0.20,0.50,13340,30
93,10,20,0.20,0.60,12938,32
93,10,20,0.20,0.70,12712,34
93,10,20,0.20,0.80,12779,30
93,10,20,0.20,0.90,12831,36
93,10,20,0.20,1.00,12921,212
93,10,20,0.30,0.00,16192,28
93,10,20,0.30,0.01,13231,29
93,10,20,0.30,0.02,13271,29
93,10,20,0.30,0.05,13579,29
93,10,20,0.30,0.10,13454,28
93,10,20,0.30,0.20,13336,28
93,10,20,0.30,0.30,15991,28
93,10,20,0.30,0.40,13490,28
93,10,20,0.30,0.50,13860,29
93,10,20,0.30,0.60,13329,28
93,10,20,0.30,0.70,12833,33
93,10,20,0.30,0.80,13415,35
93,10,20,0.30,0.90,13138,39
93,10,20,0.30,1.00,12689,213
93,10,20,0.40,0.00,13773,28
93,10,20,0.40,0.01,13490,28
93,10,20,0.40,0.02,13033,28
93,10,20,0.40,0.05,13569,29
93,10,20,0.40,0.10,13419,29
93,10,20,0.40,0.20,12931,29
93,10,20,0.40,0.30,12955,30
93,10,20,0.40,0.40,14643,30
93,10,20,0.40,0.50,12279,29
93,10,20,0.40,0.60,13199,31
93,10,20,0.40,0.70,13538,28
93,10,20,0.40,0.80,13093,44
93,10,20,0.40,0.90,13182,68
93,10,20,0.40,1.00,12837,209
93,10,20,0.50,0.00,13208,29
93,10,20,0.50,0.01,13779,29
93,10,20,0.50,0.02,13409,27
93,10,20,0.50,0.05,13717,28
93,10,20,0.50,0.10,13033,28
93,10,20,0.50,0.20,13048,29
93,10,20,0.50,0.30,13739,29
93,10,20,0.50,0.40,13333,28
93,10,20,0.50,0.50,13809,29
93,10,20,0.50,0.60,14138,27
93,10,20,0.50,0.70,13130,27
93,10,20,0.50,0.80,12779,61
93,10,20,0.50,0.90,12849,33
93,10,20,0.50,1.00,12612,209
93,10,20,0.60,0.00,14376,28
93,10,20,0.60,0.01,15307,29
93,10,20,0.60,0.02,14048,29
93,10,20,0.60,0.05,13791,28
93,10,20,0.60,0.10,14288,28
93,10,20,0.60,0.20,13091,28
93,10,20,0.60,0.30,14458,28
93,10,20,0.60,0.40,13752,29
93,10,20,0.60,0.50,13446,29
93,10,20,0.60,0.60,13150,27
93,10,20,0.60,0.70,12791,40
93,10,20,0.60,0.80,13158,33
93,10,20,0.60,0.90,12365,42
93,10,20,0.60,1.00,12652,212
93,10,20,0.70,0.00,13314,29
93,10,20,0.70,0.01,13705,28
93,10,20,0.70,0.02,13360,29
93,10,20,0.70,0.05,13962,31
93,10,20,0.70,0.10,13794,33
93,10,20,0.70,0.20,13041,30
93,10,20,0.70,0.30,13937,27
93,10,20,0.70,0.40,12953,27
93,10,20,0.70,0.50,13470,29
93,10,20,0.70,0.60,15871,32
93,10,20,0.70,0.70,12745,32
93,10,20,0.70,0.80,13178,30
93,10,20,0.70,0.90,13861,31
93,10,20,0.70,1.00,12609,223
93,10,20,0.80,0.00,13283,29
93,10,20,0.80,0.01,13713,29
93,10,20,0.80,0.02,14294,28
93,10,20,0.80,0.05,12695,28
93,10,20,0.80,0.10,15633,30
93,10,20,0.80,0.20,14635,30
93,10,20,0.80,0.30,13600,28
93,10,20,0.80,0.40,14051,28
93,10,20,0.80,0.50,12446,27
93,10,20,0.80,0.60,12964,29
93,10,20,0.80,0.70,12765,30
93,10,20,0.80,0.80,13243,32
93,10,20,0.80,0.90,12957,43
93,10,20,0.80,1.00,12833,222
93,10,20,0.90,0.00,13496,29
93,10,20,0.90,0.01,14390,33
93,10,20,0.90,0.02,12945,29
93,10,20,0.90,0.05,14501,29
93,10,20,0.90,0.10,13960,28
93,10,20,0.90,0.20,14160,30
93,10,20,0.90,0.30,14921,29
93,10,20,0.90,0.40,14058,28
93,10,20,0.90,0.50,12983,29
93,10,20,0.90,0.60,14553,27
93,10,20,0.90,0.70,13629,28
93,10,20,0.90,0.80,14344,28
93,10,20,0.90,0.90,13194,44
93,10,20,0.90,1.00,12689,222
93,10,20,1.00,0.00,13447,27
93,10,20,1.00,0.01,13809,28
93,10,20,1.00,0.02,14217,27
93,10,20,1.00,0.05,13391,28
93,10,20,1.00,0.10,13665,27
93,10,20,1.00,0.20,14328,27
93,10,20,1.00,0.30,13594,28
93,10,20,1.00,0.40,13792,27
93,10,20,1.00,0.50,13644,27
93,10,20,1.00,0.60,13989,28
93,10,20,1.00,0.70,13388,26
93,10,20,1.00,0.80,13407,28
93,10,20,1.00,0.90,13482,29
93,10,20,1.00,1.00,12464,147
93,20,20,0.00,0.00,8738,28
93,20,20,0.00,0.01,8517,30
93,20,20,0.00,0.02,8000,29
93,20,20,0.00,0.05,8819,32
93,20,20,0.00,0.10,8132,31
93,20,20,0.00,0.20,8741,29
93,20,20,0.00,0.30,8754,28
93,20,20,0.00,0.40,8167,31
93,20,20,0.00,0.50,8586,30
93,20,20,0.00,0.60,8146,29
93,20,20,0.00,0.70,7857,27
93,20,20,0.00,0.80,8006,29
93,20,20,0.00,0.90,7694,60
93,20,20,0.00,1.00,7985,214
93,20,20,0.01,0.00,8573,28
93,20,20,0.01,0.01,8235,29
93,20,20,0.01,0.02,7870,28
93,20,20,0.01,0.05,8420,29
93,20,20,0.01,0.10,8884,30
93,20,20,0.01,0.20,9813,30
93,20,20,0.01,0.30,8372,31
93,20,20,0.01,0.40,8312,31
93,20,20,0.01,0.50,8877,31
93,20,20,0.01,0.60,8023,30
93,20,20,0.01,0.70,8117,30
93,20,20,0.01,0.80,9287,41
93,20,20,0.01,0.90,8078,32
93,20,20,0.01,1.00,8010,214
93,20,20,0.02,0.00,8300,28
93,20,20,0.02,0.01,8527,29
93,20,20,0.02,0.02,11008,30
93,20,20,0.02,0.05,8664,29
93,20,20,0.02,0.10,7902,30
93,20,20,0.02,0.20,10723,28
93,20,20,0.02,0.30,8378,28
93,20,20,0.02,0.40,8301,30
93,20,20,0.02,0.50,8403,27
93,20,20,0.02,0.60,8253,38
93,20,20,0.02,0.70,8421,27
93,20,20,0.02,0.80,8087,44
93,20,20,0.02,0.90,7692,47
93,20,20,0.02,1.00,7591,214
93,20,20,0.05,0.00,8847,27
93,20,20,0.05,0.01,9426,29
93,20,20,0.05,0.02,9780,29
93,20,20,0.05,0.05,8748,28
93,20,20,0.05,0.10,8754,31
93,20,20,0.05,0.20,7960,28
93,20,20,0.05,0.30,7985,28
93,20,20,0.05,0.40,10418,28
93,20,20,0.05,0.50,8645,28
93,20,20,0.05,0.60,8097,32
93,20,20,0.05,0.70,7848,32
93,20,20,0.05,0.80,8047,58
93,20,20,0.05,0.90,7858,43
93,20,20,0.05,1.00,7939,219
93,20,20,0.10,0.00,8966,31
93,20,20,0.10,0.01,9054,31
93,20,20,0.10,0.02,8338,30
93,20,20,0.10,0.05,9104,36
93,20,20,0.10,0.10,8164,31
93,20,20,0.10,0.20,8332,30
93,20,20,0.10,0.30,7904,32
93,20,20,0.10,0.40,8346,32
93,20,20,0.10,0.50,9296,32
93,20,20,0.10,0.60,7939,46
93,20,20,0.10,0.70,8584,40
93,20,20,0.10,0.80,7865,37
93,20,20,0.10,0.90,7907,42
93,20,20,0.10,1.00,7800,222
93,20,20,0.20,0.00,7778,34
93,20,20,0.20,0.01,9422,32
93,20,20,0.20,0.02,8763,32
93,20,20,0.20,0.05,8745,31
93,20,20,0.20,0.10,7958,31
93,20,20,0.20,0.20,8447,31
93,20,20,0.20,0.30,7547,32
93,20,20,0.20,0.40,7715,36
93,20,20,0.20,0.50,8778,41
93,20,20,0.20,0.60,7808,39
93,20,20,0.20,0.70,8497,41
93,20,20,0.20,0.80,8006,35
93,20,20,0.20,0.90,8140,46
93,20,20,0.20,1.00,7903,222
93,20,20,0.30,0.00,8719,30
93,20,20,0.30,0.01,9092,31
93,20,20,0.30,0.02,8843,31
93,20,20,0.30,0.05,8478,29
93,20,20,0.30,0.10,9354,30
93,20,20,0.30,0.20,9120,29
93,20,20,0.30,0.30,9024,33
93,20,20,0.30,0.40,8920,28
93,20,20,0.30,0.50,8173,28
93,20,20,0.30,0.60,8679,28
93,20,20,0.30,0.70,8423,32
93,20,20,0.30,0.80,8244,38
93,20,20,0.30,0.90,10550,29
93,20,20,0.30,1.00,7620,229
93,20,20,0.40,0.00,8772,37
93,20,20,0.40,0.01,8155,32
93,20,20,0.40,0.02,11222,30
93,20,20,0.40,0.05,8217,28
93,20,20,0.40,0.10,9366,29
93,20,20,0.40,0.20,8834,29
93,20,20,0.40,0.30,8278,28
93,20,20,0.40,0.40,8536,30
93,20,20,0.40,0.50,8869,27
93,20,20,0.40,0.60,9764,28
93,20,20,0.40,0.70,8111,35
93,20,20,0.40,0.80,8554,31
93,20,20,0.40,0.90,8357,92
93,20,20,0.40,1.00,7948,230
93,20,20,0.50,0.00,10537,28
93,20,20,0.50,0.01,8330,29
93,20,20,0.50,0.02,8788,29
93,20,20,0.50,0.05,10200,29
93,20,20,0.50,0.10,8361,29
93,20,20,0.50,0.20,7775,32
93,20,20,0.50,0.30,8252,31
93,20,20,0.50,0.40,8924,32
93,20,20,0.50,0.50,8472,31
93,20,20,0.50,0.60,8328,35
93,20,20,0.50,0.70,7878,35
93,20,20,0.50,0.80,8270,28
93,20,20,0.50,0.90,8098,32
93,20,20,0.50,1.00,7727,219
93,20,20,0.60,0.00,10472,29
93,20,20,0.60,0.01,8657,29
93,20,20,0.60,0.02,8296,37
93,20,20,0.60,0.05,9379,39
93,20,20,0.60,0.10,9375,29
93,20,20,0.60,0.20,9817,29
93,20,20,0.60,0.30,8640,29
93,20,20,0.60,0.40,8149,29
93,20,20,0.60,0.50,8729,28
93,20,20,0.60,0.60,7931,30
93,20,20,0.60,0.70,8325,41
93,20,20,0.60,0.80,8068,44
93,20,20,0.60,0.90,7947,55
93,20,20,0.60,1.00,8252,218
93,20,20,0.70,0.00,8488,29
93,20,20,0.70,0.01,8270,29
93,20,20,0.70,0.02,9040,28
93,20,20,0.70,0.05,8709,36
93,20,20,0.70,0.10,7956,36
93,20,20,0.70,0.20,8846,32
93,20,20,0.70,0.30,8085,30
93,20,20,0.70,0.40,8721,29
93,20,20,0.70,0.50,8585,28
93,20,20,0.70,0.60,8199,30
93,20,20,0.70,0.70,8082,27
93,20,20,0.70,0.80,8360,31
93,20,20,0.70,0.90,8171,81
93,20,20,0.70,1.00,7688,221
93,20,20,0.80,0.00,8396,30
93,20,20,0.80,0.01,8758,30
93,20,20,0.80,0.02,8494,29
93,20,20,0.80,0.05,8360,30
93,20,20,0.80,0.10,8160,30
93,20,20,0.80,0.20,9885,28
93,20,20,0.80,0.30,8577,33
93,20,20,0.80,0.40,8001,29
93,20,20,0.80,0.50,9688,31
93,20,20,0.80,0.60,7938,38
93,20,20,0.80,0.70,8245,31
93,20,20,0.80,0.80,8519,33
93,20,20,0.80,0.90,8320,36
93,20,20,0.80,1.00,7700,224
93,20,20,0.90,0.00,8574,29
93,20,20,0.90,0.01,8125,30
93,20,20,0.90,0.02,9547,29
93,20,20,0.90,0.05,9025,29
93,20,20,0.90,0.10,8416,32
93,20,20,0.90,0.20,8776,32
93,20,20,0.90,0.30,8750,30
93,20,20,0.90,0.40,8657,30
93,20,20,0.90,0.50,8969,32
93,20,20,0.90,0.60,8407,44
93,20,20,0.90,0.70,8155,37
93,20,20,0.90,0.80,7930,35
93,20,20,0.90,0.90,8317,31
93,20,20,0.90,1.00,7569,224
93,20,20,1.00,0.00,9050,29
93,20,20,1.00,0.01,8681,30
93,20,20,1.00,0.02,8849,30
93,20,20,1.00,0.05,8539,30
93,20,20,1.00,0.10,9160,28
93,20,20,1.00,0.20,7999,28
93,20,20,1.00,0.30,8247,28
93,20,20,1.00,0.40,8076,28
93,20,20,1.00,0.50,8265,27
93,20,20,1.00,0.60,8098,28
93,20,20,1.00,0.70,8954,27
93,20,20,1.00,0.80,8262,38
93,20,20,1.00,0.90,7957,45
93,20,20,1.00,1.00,8257,161
93,10,20,0.00,0.00,13840,29
93,10,20,0.00,0.01,12872,29
93,10,20,0.00,0.02,14337,28
93,10,20,0.00,0.05,14332,29
93,10,20,0.00,0.10,14539,28
93,10,20,0.00,0.20,13504,29
93,10,20,0.00,0.30,16479,28
93,10,20,0.00,0.40,13218,28
93,10,20,0.00,0.50,14427,28
93,10,20,0.00,0.60,13034,28
93,10,20,0.00,0.70,12666,46
93,10,20,0.00,0.80,12777,34
93,10,20,0.00,0.90,14113,27
93,10,20,0.00,1.00,12857,252
93,10,20,0.01,0.00,13542,28
93,10,20,0.01,0.01,14225,29
93,10,20,0.01,0.02,13096,29
93,10,20,0.01,0.05,14291,29
93,10,20,0.01,0.10,12923,28
93,10,20,0.01,0.20,14822,27
93,10,20,0.01,0.30,13768,27
93,10,20,0.01,0.40,13628,28
93,10,20,0.01,0.50,13594,27
93,10,20,0.01,0.60,14876,28
93,10,20,0.01,0.70,13421,27
93,10,20,0.01,0.80,12853,41
93,10,20,0.01,0.90,13100,38
93,10,20,0.01,1.00,12636,211
93,10,20,0.02,0.00,13642,28
93,10,20,0.02,0.01,13030,29
93,10,20,0.02,0.02,13149,28
93,10,20,0.02,0.05,13842,28
93,10,20,0.02,0.10,15737,28
93,10,20,0.02,0.20,15209,28
93,10,20,0.02,0.30,13890,29
93,10,20,0.02,0.40,13393,29
93,10,20,0.02,0.50,12873,30
93,10,20,0.02,0.60,13040,29
93,10,20,0.02,0.70,13135,29
93,10,20,0.02,0.80,13091,29
93,10,20,0.02,0.90,12798,28
93,10,20,0.02,1.00,12802,218
93,10,20,0.05,0.00,14130,28
93,10,20,0.05,0.01,14183,30
93,10,20,0.05,0.02,13140,30
93,10,20,0.05,0.05,14411,28
93,10,20,0.05,0.10,14480,29
93,10,20,0.05,0.20,13309,28
93,10,20,0.05,0.30,12908,29
93,10,20,0.05,0.40,13328,30
93,10,20,0.05,0.50,12957,29
93,10,20,0.05,0.60,13687,27
93,10,20,0.05,0.70,14123,28
93,10,20,0.05,0.80,13063,34
93,10,20,0.05,0.90,13100,44
93,10,20,0.05,1.00,13288,215
93,10,20,0.10,0.00,14411,31
93,10,20,0.10,0.01,13460,28
93,10,20,0.10,0.02,14202,28
93,10,20,0.10,0.05,13313,28
93,10,20,0.10,0.10,13824,29
93,10,20,0.10,0.20,13920,28
93,10,20,0.10,0.30,13977,29
93,10,20,0.10,0.40,12983,29
93,10,20,0.10,0.50,13796,28
93,10,20,0.10,0.60,12732,30
93,10,20,0.10,0.70,13115,31
93,10,20,0.10,0.80,13161,32
93,10,20,0.10,0.90,12490,38
93,10,20,0.10,1.00,12426,209
93,10,20,0.20,0.00,13274,29
93,10,20,0.20,0.01,14106,28
93,10,20,0.20,0.02,14340,29
93,10,20,0.20,0.05,13053,28
93,10,20,0.20,0.10,14882,28
93,10,20,0.20,0.20,13968,28
93,10,20,0.20,0.30,13010,30
93,10,20,0.20,0.40,13250,27
93,10,20,0.20,0.50,14070,27
93,10,20,0.20,0.60,13486,27
93,10,20,0.20,0.70,13413,41
93,10,20,0.20,0.80,13836,29
93,10,20,0.20,0.90,12951,39
93,10,20,0.20,1.00,12867,216
93,10,20,0.30,0.00,13909,29
93,10,20,0.30,0.01,13177,28
93,10,20,0.30,0.02,13535,28
93,10,20,0.30,0.05,13925,27
93,10,20,0.30,0.10,13547,28
93,10,20,0.30,0.20,13122,28
93,10,20,0.30,0.30,15172,29
93,10,20,0.30,0.40,13819,28
93,10,20,0.30,0.50,13897,29
93,10,20,0.30,0.60,13162,27
93,10,20,0.30,0.70,13435,30
93,10,20,0.30,0.80,12878,29
93,10,20,0.30,0.90,12854,70
93,10,20,0.30,1.00,13053,214
93,10,20,0.40,0.00,14092,28
93,10,20,0.40,0.01,13109,29
93,10,20,0.40,0.02,12820,28
93,10,20,0.40,0.05,13493,29
93,10,20,0.40,0.10,13465,30
93,10,20,0.40,0.20,14161,29
93,10,20,0.40,0.30,13515,28
93,10,20,0.40,0.40,14197,32
93,10,20,0.40,0.50,13862,31
93,10,20,0.40,0.60,13671,34
93,10,20,0.40,0.70,13047,35
93,10,20,0.40,0.80,12683,33
93,10,20,0.40,0.90,12645,45
93,10,20,0.40,1.00,13112,218
93,10,20,0.50,0.00,13859,29
93,10,20,0.50,0.01,13362,28
93,10,20,0.50,0.02,13218,27
93,10,20,0.50,0.05,13445,29
93,10,20,0.50,0.10,13688,28
93,10,20,0.50,0.20,13362,28
93,10,20,0.50,0.30,14310,30
93,10,20,0.50,0.40,14218,30
93,10,20,0.50,0.50,13208,32
93,10,20,0.50,0.60,13640,32
93,10,20,0.50,0.70,12747,37
93,10,20,0.50,0.80,13039,40
93,10,20,0.50,0.90,13835,28
93,10,20,0.50,1.00,13364,219
93,10,20,0.60,0.00,14476,27
93,10,20,0.60,0.01,13551,27
93,10,20,0.60,0.02,13710,29
93,10,20,0.60,0.05,13625,29
93,10,20,0.60,0.10,12720,29
93,10,20,0.60,0.20,13469,27
93,10,20,0.60,0.30,13249,29
93,10,20,0.60,0.40,13572,28
93,10,20,0.60,0.50,13035,29
93,10,20,0.60,0.60,14015,28
93,10,20,0.60,0.70,14632,28
93,10,20,0.60,0.80,13211,29
93,10,20,0.60,0.90,12456,57
93,10,20,0.60,1.00,12450,209
93,10,20,0.70,0.00,15095,28
93,10,20,0.70,0.01,14356,28
93,10,20,0.70,0.02,14913,28
93,10,20,0.70,0.05,13822,29
93,10,20,0.70,0.10,16489,29
93,10,20,0.70,0.20,15785,29
93,10,20,0.70,0.30,12772,28
93,10,20,0.70,0.40,13086,29
93,10,20,0.70,0.50,13262,29
93,10,20,0.70,0.60,14556,29
93,10,20,0.70,0.70,13106,29
93,10,20,0.70,0.80,12710,30
93,10,20,0.70,0.90,13154,32
93,10,20,0.70,1.00,12513,215
93,10,20,0.80,0.00,14301,28
93,10,20,0.80,0.01,13556,29
93,10,20,0.80,0.02,13545,31
93,10,20,0.80,0.05,14108,37
93,10,20,0.80,0.10,14212,31
93,10,20,0.80,0.20,13679,29
93,10,20,0.80,0.30,14098,30
93,10,20,0.80,0.40,13039,28
93,10,20,0.80,0.50,13779,29
93,10,20,0.80,0.60,13245,29
93,10,20,0.80,0.70,13237,28
93,10,20,0.80,0.80,13485,34
93,10,20,0.80,0.90,12606,38
93,10,20,0.80,1.00,12720,229
93,10,20,0.90,0.00,14222,30
93,10,20,0.90,0.01,12875,34
93,10,20,0.90,0.02,13264,34
93,10,20,0.90,0.05,13571,34
93,10,20,0.90,0.10,13862,50
93,10,20,0.90,0.20,13712,46
93,10,20,0.90,0.30,14834,55
93,10,20,0.90,0.40,14051,41
93,10,20,0.90,0.50,13175,66
93,10,20,0.90,0.60,14327,64
93,10,20,0.90,0.70,13191,41
93,10,20,0.90,0.80,13748,39
93,10,20,0.90,0.90,12734,64
93,10,20,0.90,1.00,12649,270
93,10,20,1.00,0.00,13161,36
93,10,20,1.00,0.01,14482,37
93,10,20,1.00,0.02,13514,34
93,10,20,1.00,0.05,16183,35
93,10,20,1.00,0.10,12903,35
93,10,20,1.00,0.20,13854,29
93,10,20,1.00,0.30,12332,30
93,10,20,1.00,0.40,13751,27
93,10,20,1.00,0.50,13620,28
93,10,20,1.00,0.60,12907,29
93,10,20,1.00,0.70,13948,28
93,10,20,1.00,0.80,14802,27
93,10,20,1.00,0.90,13343,31
93,10,20,1.00,1.00,12479,148
93,20,20,0.00,0.00,9797,31
93,20,20,0.00,0.01,8345,30
93,20,20,0.00,0.02,8303,29
93,20,20,0.00,0.05,10112,28
93,20,20,0.00,0.10,9129,28
93,20,20,0.00,0.20,8110,29
93,20,20,0.00,0.30,8783,27
93,20,20,0.00,0.40,8556,29
93,20,20,0.00,0.50,9235,27
93,20,20,0.00,0.60,8342,27
93,20,20,0.00,0.70,8572,28
93,20,20,0.00,0.80,7954,28
93,20,20,0.00,0.90,7765,41
93,20,20,0.00,1.00,7878,209
93,20,20,0.01,0.00,10224,27
93,20,20,0.01,0.01,9131,28
93,20,20,0.01,0.02,8306,29
93,20,20,0.01,0.05,8942,28
93,20,20,0.01,0.10,8000,28
93,20,20,0.01,0.20,9850,28
93,20,20,0.01,0.30,8560,29
93,20,20,0.01,0.40,7997,41
93,20,20,0.01,0.50,8113,44
93,20,20,0.01,0.60,8316,31
93,20,20,0.01,0.70,8265,29
93,20,20,0.01,0.80,7992,30
93,20,20,0.01,0.90,8244,28
93,20,20,0.01,1.00,7548,209
93,20,20,0.02,0.00,8557,29
93,20,20,0.02,0.01,8191,28
93,20,20,0.02,0.02,8869,28
93,20,20,0.02,0.05,8277,29
93,20,20,0.02,0.10,9481,28
93,20,20,0.02,0.20,8944,29
93,20,20,0.02,0.30,9464,28
93,20,20,0.02,0.40,8031,30
93,20,20,0.02,0.50,8496,33
93,20,20,0.02,0.60,8952,28
93,20,20,0.02,0.70,7908,31
93,20,20,0.02,0.80,9783,27
93,20,20,0.02,0.90,8205,29
93,20,20,0.02,1.00,7880,215
93,20,20,0.05,0.00,8403,28
93,20,20,0.05,0.01,9308,28
93,20,20,0.05,0.02,8254,29
93,20,20,0.05,0.05,8974,29
93,20,20,0.05,0.10,9103,29
93,20,20,0.05,0.20,8345,28
93,20,20,0.05,0.30,8518,30
93,20,20,0.05,0.40,9018,32
93,20,20,0.05,0.50,8038,31
93,20,20,0.05,0.60,8676,29
93,20,20,0.05,0.70,8648,27
93,20,20,0.05,0.80,8315,34
93,20,20,0.05,0.90,7668,64
93,20,20,0.05,1.00,7890,210
93,20,20,0.10,0.00,9454,28
93,20,20,0.10,0.01,8983,28
93,20,20,0.10,0.02,8495,28
93,20,20,0.10,0.05,8143,29
93,20,20,0.10,0.10,8351,29
93,20,20,0.10,0.20,8744,28
93,20,20,0.10,0.30,8684,29
93,20,20,0.10,0.40,9308,30
93,20,20,0.10,0.50,8411,28
93,20,20,0.10,0.60,7686,29
93,20,20,0.10,0.70,11069,27
93,20,20,0.10,0.80,8345,29
93,20,20,0.10,0.90,7791,33
93,20,20,0.10,1.00,8076,206
93,20,20,0.20,0.00,8116,28
93,20,20,0.20,0.01,7970,28
93,20,20,0.20,0.02,10470,28
93,20,20,0.20,0.05,9478,29
93,20,20,0.20,0.10,8600,29
93,20,20,0.20,0.20,8289,29
93,20,20,0.20,0.30,9078,29
93,20,20,0.20,0.40,8127,28
93,20,20,0.20,0.50,8524,29
93,20,20,0.20,0.60,8687,27
93,20,20,0.20,0.70,7750,34
93,20,20,0.20,0.80,7928,31
93,20,20,0.20,0.90,7514,39
93,20,20,0.20,1.00,7600,211
93,20,20,0.30,0.00,8723,29
93,20,20,0.30,0.01,9000,28
93,20,20,0.30,0.02,8735,29
93,20,20,0.30,0.05,8450,29
93,20,20,0.30,0.10,7973,28
93,20,20,0.30,0.20,8361,27
93,20,20,0.30,0.30,8980,27
93,20,20,0.30,0.40,8543,29
93,20,20,0.30,0.50,8270,27
93,20,20,0.30,0.60,8179,33
93,20,20,0.30,0.70,7418,44
93,20,20,0.30,0.80,8905,30
93,20,20,0.30,0.90,8076,29
93,20,20,0.30,1.00,8136,209
93,20,20,0.40,0.00,9444,28
93,20,20,0.40,0.01,10831,28
93,20,20,0.40,0.02,8118,29
93,20,20,0.40,0.05,8436,28
93,20,20,0.40,0.10,9242,28
93,20,20,0.40,0.20,8812,28
93,20,20,0.40,0.30,8284,28
93,20,20,0.40,0.40,7958,28
93,20,20,0.40,0.50,8080,29
93,20,20,0.40,0.60,8306,27
93,20,20,0.40,0.70,8446,33
93,20,20,0.40,0.80,9855,27
93,20,20,0.40,0.90,8229,34
93,20,20,0.40,1.00,7749,215
93,20,20,0.50,0.00,8068,31
93,20,20,0.50,0.01,8742,32
93,20,20,0.50,0.02,8534,30
93,20,20,0.50,0.05,8167,28
93,20,20,0.50,0.10,9606,27
93,20,20,0.50,0.20,9239,29
93,20,20,0.50,0.30,8343,33
93,20,20,0.50,0.40,8864,28
93,20,20,0.50,0.50,8068,28
93,20,20,0.50,0.60,7888,27
93,20,20,0.50,0.70,8309,30
93,20,20,0.50,0.80,7858,29
93,20,20,0.50,0.90,7861,54
93,20,20,0.50,1.00,7990,214
93,20,20,0.60,0.00,9230,28
93,20,20,0.60,0.01,9119,29
93,20,20,0.60,0.02,8743,28
93,20,20,0.60,0.05,9693,29
93,20,20,0.60,0.10,7802,28
93,20,20,0.60,0.20,9039,29
93,20,20,0.60,0.30,8065,28
93,20,20,0.60,0.40,8273,28
93,20,20,0.60,0.50,10827,27
93,20,20,0.60,0.60,8096,29
93,20,20,0.60,0.70,9187,27
93,20,20,0.60,0.80,8326,39
93,20,20,0.60,0.90,8820,27
93,20,20,0.60,1.00,8004,216
93,20,20,0.70,0.00,9124,29
93,20,20,0.70,0.01,8898,29
93,20,20,0.70,0.02,9372,29
93,20,20,0.70,0.05,8245,28
93,20,20,0.70,0.10,8955,28
93,20,20,0.70,0.20,8559,29
93,20,20,0.70,0.30,9706,28
93,20,20,0.70,0.40,9569,27
93,20,20,0.70,0.50,8453,28
93,20,20,0.70,0.60,8792,28
93,20,20,0.70,0.70,8204,28
93,20,20,0.70,0.80,7972,36
93,20,20,0.70,0.90,7883,32
93,20,20,0.70,1.00,7930,214
93,20,20,0.80,0.00,8379,28
93,20,20,0.80,0.01,7881,31
93,20,20,0.80,0.02,8897,30
93,20,20,0.80,0.05,8136,29
93,20,20,0.80,0.10,8222,28
93,20,20,0.80,0.20,8919,28
93,20,20,0.80,0.30,11195,27
93,20,20,0.80,0.40,8113,27
93,20,20,0.80,0.50,9883,28
93,20,20,0.80,0.60,8282,30
93,20,20,0.80,0.70,7976,28
93,20,20,0.80,0.80,8197,27
93,20,20,0.80,0.90,8238,39
93,20,20,0.80,1.00,7406,215
93,20,20,0.90,0.00,8750,34
93,20,20,0.90,0.01,7968,41
93,20,20,0.90,0.02,9191,37
93,20,20,0.90,0.05,8689,31
93,20,20,0.90,0.10,9494,32
93,20,20,0.90,0.20,8616,28
93,20,20,0.90,0.30,8526,28
93,20,20,0.90,0.40,8641,28
93,20,20,0.90,0.50,8669,28
93,20,20,0.90,0.60,8232,32
93,20,20,0.90,0.70,8388,30
93,20,20,0.90,0.80,8481,29
93,20,20,0.90,0.90,7966,29
93,20,20,0.90,1.00,7557,211
93,20,20,1.00,0.00,8997,27
93,20,20,1.00,0.01,9031,28
93,20,20,1.00,0.02,9398,27
93,20,20,1.00,0.05,7635,30
93,20,20,1.00,0.10,9541,39
93,20,20,1.00,0.20,8913,30
93,20,20,1.00,0.30,9460,28
93,20,20,1.00,0.40,7577,27
93,20,20,1.00,0.50,8438,30
93,20,20,1.00,0.60,8922,27
93,20,20,1.00,0.70,8624,27
93,20,20,1.00,0.80,8562,31
93,20,20,1.00,0.90,7998,30
93,20,20,1.00,1.00,7730,147
50,10,50,0.00,0.00,3004,16
50,10,50,0.00,0.01,3007,15
50,10,50,0.00,0.02,3225,16
50,10,50,0.00,0.05,2830,16
50,10,50,0.00,0.10,3051,16
50,10,50,0.00,0.20,2761,16
50,10,50,0.00,0.30,2900,15
50,10,50,0.00,0.40,2738,15
50,10,50,0.00,0.50,2921,16
50,10,50,0.00,0.60,2869,15
50,10,50,0.00,0.70,2514,17
50,10,50,0.00,0.80,2772,17
50,10,50,0.00,0.90,2628,18
50,10,50,0.00,1.00,2494,108
50,10,50,0.01,0.00,3001,16
50,10,50,0.01,0.01,2876,15
50,10,50,0.01,0.02,3029,16
50,10,50,0.01,0.05,3417,16
50,10,50,0.01,0.10,2999,15
50,10,50,0.01,0.20,3117,17
50,10,50,0.01,0.30,2587,16
50,10,50,0.01,0.40,2827,16
50,10,50,0.01,0.50,2716,16
50,10,50,0.01,0.60,2784,16
50,10,50,0.01,0.70,2790,17
50,10,50,0.01,0.80,2625,17
50,10,50,0.01,0.90,2606,18
50,10,50,0.01,1.00,2649,109
50,10,50,0.02,0.00,3105,16
50,10,50,0.02,0.01,3038,16
50,10,50,0.02,0.02,2884,15
50,10,50,0.02,0.05,3090,16
50,10,50,0.02,0.10,3099,15
50,10,50,0.02,0.20,3077,15
50,10,50,0.02,0.30,2727,17
50,10,50,0.02,0.40,2891,15
50,10,50,0.02,0.50,3096,15
50,10,50,0.02,0.60,2873,15
50,10,50,0.02,0.70,2597,16
50,10,50,0.02,0.80,2661,19
50,10,50,0.02,0.90,2910,15
50,10,50,0.02,1.00,2654,106
50,10,50,0.05,0.00,2839,16
50,10,50,0.05,0.01,3081,15
50,10,50,0.05,0.02,3101,16
50,10,50,0.05,0.05,3165,16
50,10,50,0.05,0.10,3185,15
50,10,50,0.05,0.20,2973,15
50,10,50,0.05,0.30,3208,16
50,10,50,0.05,0.40,2652,16
50,10,50,0.05,0.50,2926,15
50,10,50,0.05,0.60,2910,16
50,10,50,0.05,0.70,2614,15
50,10,50,0.05,0.80,2567,16
50,10,50,0.05,0.90,3012,15
50,10,50,0.05,1.00,2654,106
50,10,50,0.10,0.00,3133,16
50,10,50,0.10,0.01,2758,15
50,10,50,0.10,0.02,2661,16
50,10,50,0.10,0.05,2969,16
50,10,50,0.10,0.10,3179,16
50,10,50,0.10,0.20,2883,15
50,10,50,0.10,0.30,2975,16
50,10,50,0.10,0.40,2604,15
50,10,50,0.10,0.50,3078,15
50,10,50,0.10,0.60,2515,16
50,10,50,0.10,0.70,2663,18
50,10,50,0.10,0.80,2781,17
50,10,50,0.10,0.90,2643,23
50,10,50,0.10,1.00,2551,106
50,10,50,0.20,0.00,2856,15
50,10,50,0.20,0.01,2964,16
50,10,50,0.20,0.02,3153,16
50,10,50,0.20,0.05,2680,16
50,10,50,0.20,0.10,2790,17
50,10,50,0.20,0.20,2951,15
50,10,50,0.20,0.30,3243,16
50,10,50,0.20,0.40,2690,15
50,10,50,0.20,0.50,2864,15
50,10,50,0.20,0.60,2946,18
50,10,50,0.20,0.70,2926,15
50,10,50,0.20,0.80,2615,16
50,10,50,0.20,0.90,2786,16
50,10,50,0.20,1.00,2657,105
50,10,50,0.30,0.00,3083,16
50,10,50,0.30,0.01,2769,16
50,10,50,0.30,0.02,2949,15
50,10,50,0.30,0.05,2816,15
50,10,50,0.30,0.10,2834,16
50,10,50,0.30,0.20,2589,15
50,10,50,0.30,0.30,2915,16
50,10,50,0.30,0.40,2646,15
50,10,50,0.30,0.50,2984,17
50,10,50,0.30,0.60,2662,17
50,10,50,0.30,0.70,2453,16
50,10,50,0.30,0.80,2570,18
50,10,50,0.30,0.90,2612,16
50,10,50,0.30,1.00,2507,107
50,10,50,0.40,0.00,3085,15
50,10,50,0.40,0.01,2759,16
50,10,50,0.40,0.02,2950,15
50,10,50,0.40,0.05,2925,16
50,10,50,0.40,0.10,2752,15
50,10,50,0.40,0.20,2650,16
50,10,50,0.40,0.30,2600,16
50,10,50,0.40,0.40,3020,15
50,10,50,0.40,0.50,2554,15
50,10,50,0.40,0.60,3192,16
50,10,50,0.40,0.70,2701,16
50,10,50,0.40,0.80,2622,21
50,10,50,0.40,0.90,2659,17
50,10,50,0.40,1.00,2629,110
50,10,50,0.50,0.00,3080,16
50,10,50,0.50,0.01,3270,16
50,10,50,0.50,0.02,3230,15
50,10,50,0.50,0.05,2755,16
50,10,50,0.50,0.10,2855,16
50,10,50,0.50,0.20,2857,15
50,10,50,0.50,0.30,3224,16
50,10,50,0.50,0.40,2614,17
50,10,50,0.50,0.50,3001,15
50,10,50,0.50,0.60,2549,16
50,10,50,0.50,0.70,3283,16
50,10,50,0.50,0.80,2895,14
50,10,50,0.50,0.90,2642,18
50,10,50,0.50,1.00,2414,110
50,10,50,0.60,0.00,2522,15
50,10,50,0.60,0.01,3033,16
50,10,50,0.60,0.02,2815,16
50,10,50,0.60,0.05,3160,15
50,10,50,0.60,0.10,2765,16
50,10,50,0.60,0.20,2687,15
50,10,50,0.60,0.30,3031,15
50,10,50,0.60,0.40,2624,16
50,10,50,0.60,0.50,2774,15
50,10,50,0.60,0.60,2946,15
50,10,50,0.60,0.70,2896,15
50,10,50,0.60,0.80,2672,21
50,10,50,0.60,0.90,2813,25
50,10,50,0.60,1.00,2668,107
50,10,50,0.70,0.00,3233,16
50,10,50,0.70,0.01,2923,16
50,10,50,0.70,0.02,2787,15
50,10,50,0.70,0.05,3047,16
50,10,50,0.70,0.10,2839,16
50,10,50,0.70,0.20,3140,15
50,10,50,0.70,0.30,2890,16
50,10,50,0.70,0.40,2937,15
50,10,50,0.70,0.50,3011,15
50,10,50,0.70,0.60,2595,16
50,10,50,0.70,0.70,2405,19
50,10,50,0.70,0.80,2598,15
50,10,50,0.70,0.90,2712,15
50,10,50,0.70,1.00,2526,108
50,10,50,0.80,0.00,2770,16
50,10,50,0.80,0.01,2855,15
50,10,50,0.80,0.02,3449,16
50,10,50,0.80,0.05,2666,15
50,10,50,0.80,0.10,2608,15
50,10,50,0.80,0.20,3215,16
50,10,50,0.80,0.30,3422,16
50,10,50,0.80,0.40,3301,15
50,10,50,0.80,0.50,2774,17
50,10,50,0.80,0.60,2960,15
50,10,50,0.80,0.70,2935,15
50,10,50,0.80,0.80,2379,17
50,10,50,0.80,0.90,2638,28
50,10,50,0.80,1.00,2340,106
50,10,50,0.90,0.00,2705,16
50,10,50,0.90,0.01,3023,16
50,10,50,0.90,0.02,2716,15
50,10,50,0.90,0.05,2640,16
50,10,50,0.90,0.10,2509,15
50,10,50,0.90,0.20,3060,16
50,10,50,0.90,0.30,2445,16
50,10,50,0.90,0.40,3031,15
50,10,50,0.90,0.50,3295,15
50,10,50,0.90,0.60,2626,16
50,10,50,0.90,0.70,2699,16
50,10,50,0.90,0.80,2830,17
50,10,50,0.90,0.90,2686,17
50,10,50,0.90,1.00,2537,112
50,10,50,1.00,0.00,2979,15
50,10,50,1.00,0.01,2890,16
50,10,50,1.00,0.02,2737,15
50,10,50,1.00,0.05,2767,15
50,10,50,1.00,0.10,2678,15
50,10,50,1.00,0.20,3098,15
50,10,50,1.00,0.30,2724,15
50,10,50,1.00,0.40,2847,15
50,10,50,1.00,0.50,3047,16
50,10,50,1.00,0.60,3201,15
50,10,50,1.00,0.70,2676,17
50,10,50,1.00,0.80,2624,17
50,10,50,1.00,0.90,2495,20
50,10,50,1.00,1.00,2656,84
50,20,50,0.00,0.00,1789,16
50,20,50,0.00,0.01,1449,16
50,20,50,0.00,0.02,1665,17
50,20,50,0.00,0.05,1691,18
50,20,50,0.00,0.10,1615,18
50,20,50,0.00,0.20,1436,19
50,20,50,0.00,0.30,1702,15
50,20,50,0.00,0.40,1800,16
50,20,50,0.00,0.50,1525,16
50,20,50,0.00,0.60,1946,16
50,20,50,0.00,0.70,1517,26
50,20,50,0.00,0.80,1359,18
50,20,50,0.00,0.90,1412,37
50,20,50,0.00,1.00,1344,108
50,20,50,0.01,0.00,1579,20
50,20,50,0.01,0.01,1736,16
50,20,50,0.01,0.02,1818,16
50,20,50,0.01,0.05,1837,16
50,20,50,0.01,0.10,1688,15
50,20,50,0.01,0.20,1543,15
50,20,50,0.01,0.30,1754,16
50,20,50,0.01,0.40,1576,15
50,20,50,0.01,0.50,1582,16
50,20,50,0.01,0.60,1597,15
50,20,50,0.01,0.70,1536,18
50,20,50,0.01,0.80,1355,26
50,20,50,0.01,0.90,1490,23
50,20,50,0.01,1.00,1327,111
50,20,50,0.02,0.00,1486,16
50,20,50,0.02,0.01,1666,16
50,20,50,0.02,0.02,1475,16
50,20,50,0.02,0.05,1532,15
50,20,50,0.02,0.10,1596,15
50,20,50,0.02,0.20,1730,16
50,20,50,0.02,0.30,1602,16
50,20,50,0.02,0.40,2004,15
50,20,50,0.02,0.50,1882,15
50,20,50,0.02,0.60,1565,16
50,20,50,0.02,0.70,1784,15
50,20,50,0.02,0.80,1365,19
50,20,50,0.02,0.90,1592,20
50,20,50,0.02,1.00,1353,127
50,20,50,0.05,0.00,1981,16
50,20,50,0.05,0.01,1759,15
50,20,50,0.05,0.02,1642,16
50,20,50,0.05,0.05,1841,16
50,20,50,0.05,0.10,1643,15
50,20,50,0.05,0.20,1681,16
50,20,50,0.05,0.30,1707,15
50,20,50,0.05,0.40,1676,15
50,20,50,0.05,0.50,1493,17
50,20,50,0.05,0.60,1398,17
50,20,50,0.05,0.70,1745,16
50,20,50,0.05,0.80,1554,17
50,20,50,0.05,0.90,1441,24
50,20,50,0.05,1.00,1459,115
50,20,50,0.10,0.00,1663,15
50,20,50,0.10,0.01,1626,16
50,20,50,0.10,0.02,1562,17
50,20,50,0.10,0.05,1552,15
50,20,50,0.10,0.10,1688,16
50,20,50,0.10,0.20,1400,15
50,20,50,0.10,0.30,1609,16
50,20,50,0.10,0.40,1908,16
50,20,50,0.10,0.50,1411,15
50,20,50,0.10,0.60,1576,17
50,20,50,0.10,0.70,1546,17
50,20,50,0.10,0.80,1507,16
50,20,50,0.10,0.90,1369,27
50,20,50,0.10,1.00,1335,108
50,20,50,0.20,0.00,1843,16
50,20,50,0.20,0.01,1629,16
50,20,50,0.20,0.02,1632,15
50,20,50,0.20,0.05,1693,16
50,20,50,0.20,0.10,1497,15
50,20,50,0.20,0.20,1683,16
50,20,50,0.20,0.30,1655,15
50,20,50,0.20,0.40,1537,15
50,20,50,0.20,0.50,1576,15
50,20,50,0.20,0.60,1514,16
50,20,50,0.20,0.70,1471,18
50,20,50,0.20,0.80,1626,17
50,20,50,0.20,0.90,1948,15
50,20,50,0.20,1.00,1399,111
50,20,50,0.30,0.00,1626,18
50,20,50,0.30,0.01,1642,19
50,20,50,0.30,0.02,1673,19
50,20,50,0.30,0.05,1568,25
50,20,50,0.30,0.10,1504,18
50,20,50,0.30,0.20,1829,18
50,20,50,0.30,0.30,1753,23
50,20,50,0.30,0.40,1582,19
50,20,50,0.30,0.50,1359,26
50,20,50,0.30,0.60,1633,15
50,20,50,0.30,0.70,1507,18
50,20,50,0.30,0.80,1472,16
50,20,50,0.30,0.90,1457,21
50,20,50,0.30,1.00,1437,107
50,20,50,0.40,0.00,1893,15
50,20,50,0.40,0.01,1609,15
50,20,50,0.40,0.02,1883,16
50,20,50,0.40,0.05,1532,15
50,20,50,0.40,0.10,1957,17
50,20,50,0.40,0.20,1690,17
50,20,50,0.40,0.30,1583,18
50,20,50,0.40,0.40,1577,15
50,20,50,0.40,0.50,1630,15
50,20,50,0.40,0.60,1645,15
50,20,50,0.40,0.70,1516,16
50,20,50,0.40,0.80,1322,23
50,20,50,0.40,0.90,1366,46
50,20,50,0.40,1.00,1288,107
50,20,50,0.50,0.00,1582,15
50,20,50,0.50,0.01,1453,17
50,20,50,0.50,0.02,1507,17
50,20,50,0.50,0.05,1827,16
50,20,50,0.50,0.10,1664,16
50,20,50,0.50,0.20,1799,15
50,20,50,0.50,0.30,1785,16
50,20,50,0.50,0.40,1777,16
50,20,50,0.50,0.50,1571,15
50,20,50,0.50,0.60,1494,18
50,20,50,0.50,0.70,1414,18
50,20,50,0.50,0.80,1575,16
50,20,50,0.50,0.90,1221,29
50,20,50,0.50,1.00,1352,121
50,20,50,0.60,0.00,1896,18
50,20,50,0.60,0.01,1669,15
50,20,50,0.60,0.02,1695,17
50,20,50,0.60,0.05,1588,16
50,20,50,0.60,0.10,1885,17
50,20,50,0.60,0.20,1946,16
50,20,50,0.60,0.30,1565,15
50,20,50,0.60,0.40,1418,16
50,20,50,0.60,0.50,1579,15
50,20,50,0.60,0.60,1534,16
50,20,50,0.60,0.70,1754,15
50,20,50,0.60,0.80,1464,17
50,20,50,0.60,0.90,1463,23
50,20,50,0.60,1.00,1390,108
50,20,50,0.70,0.00,1498,16
50,20,50,0.70,0.01,1673,16
50,20,50,0.70,0.02,1896,16
50,20,50,0.70,0.05,1684,16
50,20,50,0.70,0.10,1665,15
50,20,50,0.70,0.20,1717,16
50,20,50,0.70,0.30,1383,16
50,20,50,0.70,0.40,1807,15
50,20,50,0.70,0.50,1416,17
50,20,50,0.70,0.60,1419,18
50,20,50,0.70,0.70,1605,15
50,20,50,0.70,0.80,1433,19
50,20,50,0.70,0.90,1439,16
50,20,50,0.70,1.00,1380,110
50,20,50,0.80,0.00,1378,15
50,20,50,0.80,0.01,1796,16
50,20,50,0.80,0.02,1451,16
50,20,50,0.80,0.05,1866,16
50,20,50,0.80,0.10,2008,15
50,20,50,0.80,0.20,1648,15
50,20,50,0.80,0.30,1476,16
50,20,50,0.80,0.40,1577,15
50,20,50,0.80,0.50,1435,16
50,20,50,0.80,0.60,1512,15
50,20,50,0.80,0.70,1607,15
50,20,50,0.80,0.80,1462,18
50,20,50,0.80,0.90,1483,16
50,20,50,0.80,1.00,1277,107
50,20,50,0.90,0.00,1496,16
50,20,50,0.90,0.01,1926,16
50,20,50,0.90,0.02,1594,15
50,20,50,0.90,0.05,1634,16
50,20,50,0.90,0.10,1934,15
50,20,50,0.90,0.20,1736,15
50,20,50,0.90,0.30,1314,16
50,20,50,0.90,0.40,1805,15
50,20,50,0.90,0.50,1709,17
50,20,50,0.90,0.60,1864,17
50,20,50,0.90,0.70,1377,17
50,20,50,0.90,0.80,1391,22
50,20,50,0.90,0.90,1362,17
50,20,50,0.90,1.00,1376,119
50,20,50,1.00,0.00,1690,15
50,20,50,1.00,0.01,1639,15
50,20,50,1.00,0.02,1483,15
50,20,50,1.00,0.05,1560,15
50,20,50,1.00,0.10,1939,16
50,20,50,1.00,0.20,1643,15
50,20,50,1.00,0.30,1589,15
50,20,50,1.00,0.40,1746,16
50,20,50,1.00,0.50,1434,15
50,20,50,1.00,0.60,1596,15
50,20,50,1.00,0.70,1472,16
50,20,50,1.00,0.80,1635,15
50,20,50,1.00,0.90,1356,21
50,20,50,1.00,1.00,1420,83
93,10,50,0.00,0.00,12946,28
93,10,50,0.00,0.01,14184,31
93,10,50,0.00,0.02,14029,28
93,10,50,0.00,0.05,13203,28
93,10,50,0.00,0.10,13831,28
93,10,50,0.00,0.20,14046,29
93,10,50,0.00,0.30,13785,29
93,10,50,0.00,0.40,13300,31
93,10,50,0.00,0.50,13508,29
93,10,50,0.00,0.60,13386,28
93,10,50,0.00,0.70,13277,32
93,10,50,0.00,0.80,13346,37
93,10,50,0.00,0.90,12750,30
93,10,50,0.00,1.00,12809,215
93,10,50,0.01,0.00,13422,28
93,10,50,0.01,0.01,14651,29
93,10,50,0.01,0.02,14915,28
93,10,50,0.01,0.05,13783,29
93,10,50,0.01,0.10,14045,28
93,10,50,0.01,0.20,12945,29
93,10,50,0.01,0.30,14138,29
93,10,50,0.01,0.40,13711,33
93,10,50,0.01,0.50,13038,31
93,10,50,0.01,0.60,13164,28
93,10,50,0.01,0.70,14170,28
93,10,50,0.01,0.80,14009,28
93,10,50,0.01,0.90,12704,65
93,10,50,0.01,1.00,12540,269
93,10,50,0.02,0.00,13790,30
93,10,50,0.02,0.01,15153,32
93,10,50,0.02,0.02,14423,30
93,10,50,0.02,0.05,13123,31
93,10,50,0.02,0.10,14433,29
93,10,50,0.02,0.20,13307,32
93,10,50,0.02,0.30,14352,30
93,10,50,0.02,0.40,13482,33
93,10,50,0.02,0.50,13559,32
93,10,50,0.02,0.60,14118,30
93,10,50,0.02,0.70,13467,34
93,10,50,0.02,0.80,13179,38
93,10,50,0.02,0.90,12570,33
93,10,50,0.02,1.00,12798,214
93,10,50,0.05,0.00,13751,29
93,10,50,0.05,0.01,14161,29
93,10,50,0.05,0.02,12964,28
93,10,50,0.05,0.05,13856,28
93,10,50,0.05,0.10,13051,29
93,10,50,0.05,0.20,13793,30
93,10,50,0.05,0.30,13881,34
93,10,50,0.05,0.40,15045,28
93,10,50,0.05,0.50,12567,28
93,10,50,0.05,0.60,13257,30
93,10,50,0.05,0.70,13972,28
93,10,50,0.05,0.80,14406,28
93,10,50,0.05,0.90,13484,44
93,10,50,0.05,1.00,12832,219
93,10,50,0.10,0.00,13907,32
93,10,50,0.10,0.01,14267,30
93,10,50,0.10,0.02,13664,29
93,10,50,0.10,0.05,12966,28
93,10,50,0.10,0.10,14314,30
93,10,50,0.10,0.20,12982,29
93,10,50,0.10,0.30,13477,29
93,10,50,0.10,0.40,14150,30
93,10,50,0.10,0.50,13676,32
93,10,50,0.10,0.60,13924,29
93,10,50,0.10,0.70,13298,29
93,10,50,0.10,0.80,13123,36
93,10,50,0.10,0.90,12862,34
93,10,50,0.10,1.00,13057,217
93,10,50,0.20,0.00,13333,29
93,10,50,0.20,0.01,12924,29
93,10,50,0.20,0.02,14219,31
93,10,50,0.20,0.05,13381,31
93,10,50,0.20,0.10,13287,29
93,10,50,0.20,0.20,13598,28
93,10,50,0.20,0.30,14077,31
93,10,50,0.20,0.40,13962,28
93,10,50,0.20,0.50,13842,29
93,10,50,0.20,0.60,14557,29
93,10,50,0.20,0.70,13135,36
93,10,50,0.20,0.80,13245,43
93,10,50,0.20,0.90,12165,55
93,10,50,0.20,1.00,12893,233
93,10,50,0.30,0.00,13787,29
93,10,50,0.30,0.01,13905,31
93,10,50,0.30,0.02,15068,29
93,10,50,0.30,0.05,13412,29
93,10,50,0.30,0.10,13150,33
93,10,50,0.30,0.20,16152,30
93,10,50,0.30,0.30,12782,30
93,10,50,0.30,0.40,13524,32
93,10,50,0.30,0.50,13654,29
93,10,50,0.30,0.60,13056,34
93,10,50,0.30,0.70,13774,29
93,10,50,0.30,0.80,12665,35
93,10,50,0.30,0.90,13119,36
93,10,50,0.30,1.00,12870,220
93,10,50,0.40,0.00,13982,31
93,10,50,0.40,0.01,15604,34
93,10,50,0.40,0.02,13571,41
93,10,50,0.40,0.05,13959,37
93,10,50,0.40,0.10,13915,47
93,10,50,0.40,0.20,13032,33
93,10,50,0.40,0.30,14180,30
93,10,50,0.40,0.40,13544,29
93,10,50,0.40,0.50,14021,29
93,10,50,0.40,0.60,13175,36
93,10,50,0.40,0.70,13571,33
93,10,50,0.40,0.80,12869,37
93,10,50,0.40,0.90,13204,30
93,10,50,0.40,1.00,13073,218
93,10,50,0.50,0.00,13430,28
93,10,50,0.50,0.01,14093,28
93,10,50,0.50,0.02,13315,30
93,10,50,0.50,0.05,13908,28
93,10,50,0.50,0.10,14555,28
93,10,50,0.50,0.20,13602,28
93,10,50,0.50,0.30,13426,27
93,10,50,0.50,0.40,13865,28
93,10,50,0.50,0.50,12794,30
93,10,50,0.50,0.60,13391,29
93,10,50,0.50,0.70,13031,31
93,10,50,0.50,0.80,13155,50
93,10,50,0.50,0.90,12561,53
93,10,50,0.50,1.00,13074,228
93,10,50,0.60,0.00,14092,29
93,10,50,0.60,0.01,13710,30
93,10,50,0.60,0.02,14150,27
93,10,50,0.60,0.05,13372,29
93,10,50,0.60,0.10,12870,30
93,10,50,0.60,0.20,13479,38
93,10,50,0.60,0.30,14641,32
93,10,50,0.60,0.40,13569,32
93,10,50,0.60,0.50,13885,34
93,10,50,0.60,0.60,13196,36
93,10,50,0.60,0.70,13387,32
93,10,50,0.60,0.80,12895,31
93,10,50,0.60,0.90,13366,48
93,10,50,0.60,1.00,12796,251
93,10,50,0.70,0.00,15048,30
93,10,50,0.70,0.01,13931,38
93,10,50,0.70,0.02,14183,30
93,10,50,0.70,0.05,14554,29
93,10,50,0.70,0.10,13477,28
93,10,50,0.70,0.20,15240,29
93,10,50,0.70,0.30,13280,37
93,10,50,0.70,0.40,14390,42
93,10,50,0.70,0.50,13018,45
93,10,50,0.70,0.60,13073,46
93,10,50,0.70,0.70,13800,30
93,10,50,0.70,0.80,13420,36
93,10,50,0.70,0.90,12940,38
93,10,50,0.70,1.00,12761,231
93,10,50,0.80,0.00,13335,35
93,10,50,0.80,0.01,13975,47
93,10,50,0.80,0.02,12843,49
93,10,50,0.80,0.05,13589,46
93,10,50,0.80,0.10,12983,47
93,10,50,0.80,0.20,13073,38
93,10,50,0.80,0.30,12949,29
93,10,50,0.80,0.40,13420,29
93,10,50,0.80,0.50,13700,34
93,10,50,0.80,0.60,12498,40
93,10,50,0.80,0.70,13055,34
93,10,50,0.80,0.80,12895,44
93,10,50,0.80,0.90,13202,38
93,10,50,0.80,1.00,13020,239
93,10,50,0.90,0.00,14135,31
93,10,50,0.90,0.01,14906,30
93,10,50,0.90,0.02,13613,32
93,10,50,0.90,0.05,12947,37
93,10,50,0.90,0.10,13566,33
93,10,50,0.90,0.20,13417,29
93,10,50,0.90,0.30,13384,29
93,10,50,0.90,0.40,13500,30
93,10,50,0.90,0.50,13477,30
93,10,50,0.90,0.60,13972,33
93,10,50,0.90,0.70,13457,32
93,10,50,0.90,0.80,14917,33
93,10,50,0.90,0.90,12762,48
93,10,50,0.90,1.00,12320,259
93,10,50,1.00,0.00,13728,30
93,10,50,1.00,0.01,14336,30
93,10,50,1.00,0.02,14188,30
93,10,50,1.00,0.05,13252,36
93,10,50,1.00,0.10,13783,30
93,10,50,1.00,0.20,14209,30
93,10,50,1.00,0.30,14000,28
93,10,50,1.00,0.40,13306,28
93,10,50,1.00,0.50,13312,28
93,10,50,1.00,0.60,13327,28
93,10,50,1.00,0.70,12756,35
93,10,50,1.00,0.80,12609,30
93,10,50,1.00,0.90,13792,28
93,10,50,1.00,1.00,12662,182
93,20,50,0.00,0.00,8209,42
93,20,50,0.00,0.01,8809,47
93,20,50,0.00,0.02,8014,30
93,20,50,0.00,0.05,8335,31
93,20,50,0.00,0.10,8594,35
93,20,50,0.00,0.20,8044,48
93,20,50,0.00,0.30,8261,36
93,20,50,0.00,0.40,8222,32
93,20,50,0.00,0.50,8605,36
93,20,50,0.00,0.60,8630,33
93,20,50,0.00,0.70,7712,44
93,20,50,0.00,0.80,8038,50
93,20,50,0.00,0.90,7839,36
93,20,50,0.00,1.00,7730,237
93,20,50,0.01,0.00,8805,29
93,20,50,0.01,0.01,8361,28
93,20,50,0.01,0.02,7785,29
93,20,50,0.01,0.05,8726,42
93,20,50,0.01,0.10,9168,35
93,20,50,0.01,0.20,7839,30
93,20,50,0.01,0.30,9561,29
93,20,50,0.01,0.40,8354,27
93,20,50,0.01,0.50,8247,28
93,20,50,0.01,0.60,8012,27
93,20,50,0.01,0.70,9361,29
93,20,50,0.01,0.80,8611,27
93,20,50,0.01,0.90,8074,44
93,20,50,0.01,1.00,8047,266
93,20,50,0.02,0.00,8286,33
93,20,50,0.02,0.01,7873,29
93,20,50,0.02,0.02,7793,30
93,20,50,0.02,0.05,8494,31
93,20,50,0.02,0.10,8184,32
93,20,50,0.02,0.20,7936,36
93,20,50,0.02,0.30,8082,29
93,20,50,0.02,0.40,8476,33
93,20,50,0.02,0.50,8569,31
93,20,50,0.02,0.60,8096,30
93,20,50,0.02,0.70,7781,33
93,20,50,0.02,0.80,8458,44
93,20,50,0.02,0.90,8303,39
93,20,50,0.02,1.00,7800,257
93,20,50,0.05,0.00,8336,28
93,20,50,0.05,0.01,8231,28
93,20,50,0.05,0.02,7901,28
93,20,50,0.05,0.05,9127,28
93,20,50,0.05,0.10,8857,29
93,20,50,0.05,0.20,10630,29
93,20,50,0.05,0.30,8152,28
93,20,50,0.05,0.40,11455,32
93,20,50,0.05,0.50,8514,28
93,20,50,0.05,0.60,8736,31
93,20,50,0.05,0.70,8357,29
93,20,50,0.05,0.80,8057,27
93,20,50,0.05,0.90,8042,29
93,20,50,0.05,1.00,7804,212
93,20,50,0.10,0.00,10460,28
93,20,50,0.10,0.01,8019,29
93,20,50,0.10,0.02,9470,28
93,20,50,0.10,0.05,8714,31
93,20,50,0.10,0.10,9284,29
93,20,50,0.10,0.20,9233,29
93,20,50,0.10,0.30,7855,36
93,20,50,0.10,0.40,9257,29
93,20,50,0.10,0.50,8543,32
93,20,50,0.10,0.60,8648,29
93,20,50,0.10,0.70,8041,32
93,20,50,0.10,0.80,8086,28
93,20,50,0.10,0.90,7935,62
93,20,50,0.10,1.00,7494,217
93,20,50,0.20,0.00,8815,30
93,20,50,0.20,0.01,8159,29
93,20,50,0.20,0.02,8402,31
93,20,50,0.20,0.05,8621,31
93,20,50,0.20,0.10,9145,32
93,20,50,0.20,0.20,8243,32
93,20,50,0.20,0.30,7624,35
93,20,50,0.20,0.40,8449,34
93,20,50,0.20,0.50,8125,32
93,20,50,0.20,0.60,8387,31
93,20,50,0.20,0.70,8885,28
93,20,50,0.20,0.80,7646,30
93,20,50,0.20,0.90,8146,75
93,20,50,0.20,1.00,8302,212
93,20,50,0.30,0.00,8439,29
93,20,50,0.30,0.01,8346,28
93,20,50,0.30,0.02,8082,29
93,20,50,0.30,0.05,8472,36
93,20,50,0.30,0.10,8258,28
93,20,50,0.30,0.20,8252,29
93,20,50,0.30,0.30,8244,29
93,20,50,0.30,0.40,8070,28
93,20,50,0.30,0.50,8778,29
93,20,50,0.30,0.60,8411,29
93,20,50,0.30,0.70,8378,40
93,20,50,0.30,0.80,8293,45
93,20,50,0.30,0.90,8318,41
93,20,50,0.30,1.00,8104,215
93,20,50,0.40,0.00,8474,28
93,20,50,0.40,0.01,8349,29
93,20,50,0.40,0.02,7858,27
93,20,50,0.40,0.05,8550,30
93,20,50,0.40,0.10,8242,28
93,20,50,0.40,0.20,8017,30
93,20,50,0.40,0.30,8506,30
93,20,50,0.40,0.40,8037,28
93,20,50,0.40,0.50,8439,29
93,20,50,0.40,0.60,9504,27
93,20,50,0.40,0.70,8394,42
93,20,50,0.40,0.80,8307,50
93,20,50,0.40,0.90,8555,31
93,20,50,0.40,1.00,7745,213
93,20,50,0.50,0.00,9596,29
93,20,50,0.50,0.01,9307,28
93,20,50,0.50,0.02,8459,29
93,20,50,0.50,0.05,8442,32
93,20,50,0.50,0.10,8492,29
93,20,50,0.50,0.20,8704,29
93,20,50,0.50,0.30,8557,28
93,20,50,0.50,0.40,7787,30
93,20,50,0.50,0.50,7862,29
93,20,50,0.50,0.60,8595,31
93,20,50,0.50,0.70,7620,34
93,20,50,0.50,0.80,8540,37
93,20,50,0.50,0.90,9209,33
93,20,50,0.50,1.00,7785,229
93,20,50,0.60,0.00,7930,39
93,20,50,0.60,0.01,8840,31
93,20,50,0.60,0.02,8612,31
93,20,50,0.60,0.05,8998,29
93,20,50,0.60,0.10,8605,29
93,20,50,0.60,0.20,9292,28
93,20,50,0.60,0.30,8976,29
93,20,50,0.60,0.40,8137,32
93,20,50,0.60,0.50,8853,31
93,20,50,0.60,0.60,9585,29
93,20,50,0.60,0.70,7680,30
93,20,50,0.60,0.80,8545,30
93,20,50,0.60,0.90,8075,53
93,20,50,0.60,1.00,8067,224
93,20,50,0.70,0.00,8649,28
93,20,50,0.70,0.01,8738,28
93,20,50,0.70,0.02,8267,28
93,20,50,0.70,0.05,8375,29
93,20,50,0.70,0.10,8362,29
93,20,50,0.70,0.20,8355,28
93,20,50,0.70,0.30,9258,28
93,20,50,0.70,0.40,8423,27
93,20,50,0.70,0.50,9475,27
93,20,50,0.70,0.60,10303,28
93,20,50,0.70,0.70,8450,28
93,20,50,0.70,0.80,9341,27
93,20,50,0.70,0.90,7898,46
93,20,50,0.70,1.00,8004,209
93,20,50,0.80,0.00,8363,29
93,20,50,0.80,0.01,8253,28
93,20,50,0.80,0.02,9186,29
93,20,50,0.80,0.05,8353,28
93,20,50,0.80,0.10,9459,28
93,20,50,0.80,0.20,9094,28
93,20,50,0.80,0.30,7868,27
93,20,50,0.80,0.40,8084,31
93,20,50,0.80,0.50,8427,29
93,20,50,0.80,0.60,8663,27
93,20,50,0.80,0.70,8002,37
93,20,50,0.80,0.80,8199,30
93,20,50,0.80,0.90,7814,31
93,20,50,0.80,1.00,8254,214
93,20,50,0.90,0.00,9037,28
93,20,50,0.90,0.01,9407,28
93,20,50,0.90,0.02,9298,28
93,20,50,0.90,0.05,8322,28
93,20,50,0.90,0.10,8778,29
93,20,50,0.90,0.20,8541,28
93,20,50,0.90,0.30,8899,28
93,20,50,0.90,0.40,9104,29
93,20,50,0.90,0.50,7979,29
93,20,50,0.90,0.60,7613,37
93,20,50,0.90,0.70,8888,31
93,20,50,0.90,0.80,8616,32
93,20,50,0.90,0.90,7811,39
93,20,50,0.90,1.00,7925,211
93,20,50,1.00,0.00,8429,28
93,20,50,1.00,0.01,9083,35
93,20,50,1.00,0.02,9132,39
93,20,50,1.00,0.05,9391,35
93,20,50,1.00,0.10,9195,30
93,20,50,1.00,0.20,9751,35
93,20,50,1.00,0.30,8453,29
93,20,50,1.00,0.40,8132,28
93,20,50,1.00,0.50,7771,28
93,20,50,1.00,0.60,7778,28
93,20,50,1.00,0.70,8096,27
93,20,50,1.00,0.80,8399,31
93,20,50,1.00,0.90,8276,29
93,20,50,1.00,1.00,7638,151
93,10,50,0.00,0.00,13239,29
93,10,50,0.00,0.01,13299,28
93,10,50,0.00,0.02,14124,28
93,10,50,0.00,0.05,14091,28
93,10,50,0.00,0.10,13830,28
93,10,50,0.00,0.20,13355,31
93,10,50,0.00,0.30,14264,28
93,10,50,0.00,0.40,13432,30
93,10,50,0.00,0.50,14018,31
93,10,50,0.00,0.60,13997,29
93,10,50,0.00,0.70,12899,36
93,10,50,0.00,0.80,12555,31
93,10,50,0.00,0.90,13426,40
93,10,50,0.00,1.00,12527,218
93,10,50,0.01,0.00,13923,29
93,10,50,0.01,0.01,13119,28
93,10,50,0.01,0.02,14957,28
93,10,50,0.01,0.05,13673,28
93,10,50,0.01,0.10,14550,30
93,10,50,0.01,0.20,13956,28
93,10,50,0.01,0.30,14107,28
93,10,50,0.01,0.40,13631,29
93,10,50,0.01,0.50,14009,28
93,10,50,0.01,0.60,13239,30
93,10,50,0.01,0.70,13080,34
93,10,50,0.01,0.80,12713,34
93,10,50,0.01,0.90,12680,35
93,10,50,0.01,1.00,12789,213
93,10,50,0.02,0.00,14026,28
93,10,50,0.02,0.01,13411,29
93,10,50,0.02,0.02,13935,28
93,10,50,0.02,0.05,14053,28
93,10,50,0.02,0.10,12685,31
93,10,50,0.02,0.20,13235,30
93,10,50,0.02,0.30,14050,28
93,10,50,0.02,0.40,13062,28
93,10,50,0.02,0.50,14223,27
93,10,50,0.02,0.60,13365,38
93,10,50,0.02,0.70,13163,28
93,10,50,0.02,0.80,12769,33
93,10,50,0.02,0.90,13863,31
93,10,50,0.02,1.00,13274,219
93,10,50,0.05,0.00,13506,29
93,10,50,0.05,0.01,13937,28
93,10,50,0.05,0.02,13917,28
93,10,50,0.05,0.05,14250,29
93,10,50,0.05,0.10,13949,29
93,10,50,0.05,0.20,13658,28
93,10,50,0.05,0.30,13712,31
93,10,50,0.05,0.40,13295,29
93,10,50,0.05,0.50,13957,28
93,10,50,0.05,0.60,14768,32
93,10,50,0.05,0.70,13757,29
93,10,50,0.05,0.80,14954,30
93,10,50,0.05,0.90,13386,47
93,10,50,0.05,1.00,12634,217
93,10,50,0.10,0.00,13035,28
93,10,50,0.10,0.01,14467,30
93,10,50,0.10,0.02,13841,28
93,10,50,0.10,0.05,13450,28
93,10,50,0.10,0.10,14585,28
93,10,50,0.10,0.20,13653,28
93,10,50,0.10,0.30,14060,28
93,10,50,0.10,0.40,13367,28
93,10,50,0.10,0.50,13202,28
93,10,50,0.10,0.60,13514,28
93,10,50,0.10,0.70,12858,33
93,10,50,0.10,0.80,13041,29
93,10,50,0.10,0.90,13352,51
93,10,50,0.10,1.00,12799,216
93,10,50,0.20,0.00,14398,29
93,10,50,0.20,0.01,12984,29
93,10,50,0.20,0.02,13503,29
93,10,50,0.20,0.05,14285,28
93,10,50,0.20,0.10,13634,28
93,10,50,0.20,0.20,16533,27
93,10,50,0.20,0.30,12883,28
93,10,50,0.20,0.40,13351,28
93,10,50,0.20,0.50,12500,29
93,10,50,0.20,0.60,14228,28
93,10,50,0.20,0.70,13448,30
93,10,50,0.20,0.80,13606,28
93,10,50,0.20,0.90,12561,29
93,10,50,0.20,1.00,12777,218
93,10,50,0.30,0.00,13283,28
93,10,50,0.30,0.01,12975,29
93,10,50,0.30,0.02,15046,28
93,10,50,0.30,0.05,13533,29
93,10,50,0.30,0.10,13484,29
93,10,50,0.30,0.20,14558,28
93,10,50,0.30,0.30,13029,33
93,10,50,0.30,0.40,13504,29
93,10,50,0.30,0.50,12762,29
93,10,50,0.30,0.60,13317,31
93,10,50,0.30,0.70,13271,30
93,10,50,0.30,0.80,12517,35
93,10,50,0.30,0.90,12961,31
93,10,50,0.30,1.00,12696,212
93,10,50,0.40,0.00,12873,28
93,10,50,0.40,0.01,14110,28
93,10,50,0.40,0.02,13555,27
93,10,50,0.40,0.05,13338,28
93,10,50,0.40,0.10,15150,28
93,10,50,0.40,0.20,14120,28
93,10,50,0.40,0.30,13896,29
93,10,50,0.40,0.40,13971,29
93,10,50,0.40,0.50,13528,29
93,10,50,0.40,0.60,13293,28
93,10,50,0.40,0.70,14374,29
93,10,50,0.40,0.80,13406,32
93,10,50,0.40,0.90,13345,45
93,10,50,0.40,1.00,12889,221
93,10,50,0.50,0.00,13401,30
93,10,50,0.50,0.01,14059,28
93,10,50,0.50,0.02,12746,29
93,10,50,0.50,0.05,14409,28
93,10,50,0.50,0.10,13348,28
93,10,50,0.50,0.20,14321,28
93,10,50,0.50,0.30,13126,28
93,10,50,0.50,0.40,13810,29
93,10,50,0.50,0.50,12767,30
93,10,50,0.50,0.60,13665,30
93,10,50,0.50,0.70,13247,31
93,10,50,0.50,0.80,12877,35
93,10,50,0.50,0.90,12979,28
93,10,50,0.50,1.00,12352,210
93,10,50,0.60,0.00,13918,29
93,10,50,0.60,0.01,12820,29
93,10,50,0.60,0.02,13087,29
93,10,50,0.60,0.05,13291,29
93,10,50,0.60,0.10,13573,30
93,10,50,0.60,0.20,13090,28
93,10,50,0.60,0.30,13543,29
93,10,50,0.60,0.40,13457,29
93,10,50,0.60,0.50,13149,35
93,10,50,0.60,0.60,13153,30
93,10,50,0.60,0.70,12692,36
93,10,50,0.60,0.80,13307,40
93,10,50,0.60,0.90,13084,30
93,10,50,0.60,1.00,12409,215
93,10,50,0.70,0.00,14131,28
93,10,50,0.70,0.01,14701,29
93,10,50,0.70,0.02,14657,27
93,10,50,0.70,0.05,13775,29
93,10,50,0.70,0.10,13807,29
93,10,50,0.70,0.20,13961,36
93,10,50,0.70,0.30,13937,31
93,10,50,0.70,0.40,12537,28
93,10,50,0.70,0.50,13345,28
93,10,50,0.70,0.60,14388,28
93,10,50,0.70,0.70,13599,31
93,10,50,0.70,0.80,13332,29
93,10,50,0.70,0.90,14163,30
93,10,50,0.70,1.00,13110,214
93,10,50,0.80,0.00,12801,28
93,10,50,0.80,0.01,13855,29
93,10,50,0.80,0.02,13704,30
93,10,50,0.80,0.05,14187,29
93,10,50,0.80,0.10,14191,28
93,10,50,0.80,0.20,13585,29
93,10,50,0.80,0.30,15081,28
93,10,50,0.80,0.40,13429,29
93,10,50,0.80,0.50,13102,30
93,10,50,0.80,0.60,12594,31
93,10,50,0.80,0.70,14679,28
93,10,50,0.80,0.80,13605,37
93,10,50,0.80,0.90,12858,32
93,10,50,0.80,1.00,12722,216
93,10,50,0.90,0.00,13568,29
93,10,50,0.90,0.01,12929,28
93,10,50,0.90,0.02,13622,29
93,10,50,0.90,0.05,13333,28
93,10,50,0.90,0.10,15180,28
93,10,50,0.90,0.20,13393,29
93,10,50,0.90,0.30,12614,29
93,10,50,0.90,0.40,13983,29
93,10,50,0.90,0.50,13467,33
93,10,50,0.90,0.60,13203,29
93,10,50,0.90,0.70,13151,29
93,10,50,0.90,0.80,13260,35
93,10,50,0.90,0.90,12829,50
93,10,50,0.90,1.00,12805,245
93,10,50,1.00,0.00,14420,27
93,10,50,1.00,0.01,15956,30
93,10,50,1.00,0.02,12773,28
93,10,50,1.00,0.05,13657,28
93,10,50,1.00,0.10,13766,29
93,10,50,1.00,0.20,14060,28
93,10,50,1.00,0.30,13489,27
93,10,50,1.00,0.40,13953,27
93,10,50,1.00,0.50,13051,28
93,10,50,1.00,0.60,14005,26
93,10,50,1.00,0.70,12936,28
93,10,50,1.00,0.80,13571,27
93,10,50,1.00,0.90,12757,30
93,10,50,1.00,1.00,12953,161
93,20,50,0.00,0.00,8546,32
93,20,50,0.00,0.01,9434,28
93,20,50,0.00,0.02,8510,29
93,20,50,0.00,0.05,8668,29
93,20,50,0.00,0.10,8399,27
93,20,50,0.00,0.20,8979,29
93,20,50,0.00,0.30,8806,28
93,20,50,0.00,0.40,9086,28
93,20,50,0.00,0.50,7919,28
93,20,50,0.00,0.60,8464,32
93,20,50,0.00,0.70,8154,36
93,20,50,0.00,0.80,8100,29
93,20,50,0.00,0.90,8155,49
93,20,50,0.00,1.00,7815,213
93,20,50,0.01,0.00,10245,29
93,20,50,0.01,0.01,9407,28
93,20,50,0.01,0.02,9258,28
93,20,50,0.01,0.05,8682,28
93,20,50,0.01,0.10,7911,29
93,20,50,0.01,0.20,7951,28
93,20,50,0.01,0.30,8925,27
93,20,50,0.01,0.40,7917,28
93,20,50,0.01,0.50,9335,27
93,20,50,0.01,0.60,8753,29
93,20,50,0.01,0.70,9822,27
93,20,50,0.01,0.80,7896,43
93,20,50,0.01,0.90,7833,46
93,20,50,0.01,1.00,8164,209
93,20,50,0.02,0.00,10219,29
93,20,50,0.02,0.01,7959,28
93,20,50,0.02,0.02,7899,28
93,20,50,0.02,0.05,8829,29
93,20,50,0.02,0.10,8728,28
93,20,50,0.02,0.20,8602,27
93,20,50,0.02,0.30,8963,28
93,20,50,0.02,0.40,8640,30
93,20,50,0.02,0.50,8524,28
93,20,50,0.02,0.60,8518,31
93,20,50,0.02,0.70,7965,34
93,20,50,0.02,0.80,8306,55
93,20,50,0.02,0.90,8206,34
93,20,50,0.02,1.00,7801,215
93,20,50,0.05,0.00,10199,28
93,20,50,0.05,0.01,8254,28
93,20,50,0.05,0.02,8781,29
93,20,50,0.05,0.05,9239,28
93,20,50,0.05,0.10,8319,28
93,20,50,0.05,0.20,8032,29
93,20,50,0.05,0.30,8246,29
93,20,50,0.05,0.40,8052,31
93,20,50,0.05,0.50,7900,29
93,20,50,0.05,0.60,8618,27
93,20,50,0.05,0.70,8044,29
93,20,50,0.05,0.80,7997,35
93,20,50,0.05,0.90,8096,27
93,20,50,0.05,1.00,7975,225
93,20,50,0.10,0.00,9720,33
93,20,50,0.10,0.01,8306,32
93,20,50,0.10,0.02,8885,29
93,20,50,0.10,0.05,8464,29
93,20,50,0.10,0.10,9208,28
93,20,50,0.10,0.20,8557,32
93,20,50,0.10,0.30,8405,31
93,20,50,0.10,0.40,9410,28
93,20,50,0.10,0.50,8067,28
93,20,50,0.10,0.60,7815,31
93,20,50,0.10,0.70,8850,29
93,20,50,0.10,0.80,8258,28
93,20,50,0.10,0.90,7779,35
93,20,50,0.10,1.00,7969,222
93,20,50,0.20,0.00,8181,32
93,20,50,0.20,0.01,9389,29
93,20,50,0.20,0.02,8777,29
93,20,50,0.20,0.05,9031,29
93,20,50,0.20,0.10,8629,29
93,20,50,0.20,0.20,10183,28
93,20,50,0.20,0.30,9535,28
93,20,50,0.20,0.40,8929,30
93,20,50,0.20,0.50,8245,33
93,20,50,0.20,0.60,8580,30
93,20,50,0.20,0.70,7881,32
93,20,50,0.20,0.80,9284,27
93,20,50,0.20,0.90,7687,31
93,20,50,0.20,1.00,8315,216
93,20,50,0.30,0.00,8755,28
93,20,50,0.30,0.01,9418,29
93,20,50,0.30,0.02,7897,29
93,20,50,0.30,0.05,8164,28
93,20,50,0.30,0.10,8227,29
93,20,50,0.30,0.20,8325,28
93,20,50,0.30,0.30,10680,28
93,20,50,0.30,0.40,8138,32
93,20,50,0.30,0.50,7936,30
93,20,50,0.30,0.60,8439,32
93,20,50,0.30,0.70,8914,28
93,20,50,0.30,0.80,7853,30
93,20,50,0.30,0.90,7670,60
93,20,50,0.30,1.00,7542,211
93,20,50,0.40,0.00,8872,28
93,20,50,0.40,0.01,8026,28
93,20,50,0.40,0.02,9500,28
93,20,50,0.40,0.05,8931,28
93,20,50,0.40,0.10,8637,29
93,20,50,0.40,0.20,8520,27
93,20,50,0.40,0.30,8167,32
93,20,50,0.40,0.40,8522,32
93,20,50,0.40,0.50,8951,28
93,20,50,0.40,0.60,8700,29
93,20,50,0.40,0.70,8426,29
93,20,50,0.40,0.80,8936,28
93,20,50,0.40,0.90,8268,33
93,20,50,0.40,1.00,7404,212
93,20,50,0.50,0.00,11198,28
93,20,50,0.50,0.01,8063,29
93,20,50,0.50,0.02,9211,28
93,20,50,0.50,0.05,7706,28
93,20,50,0.50,0.10,8409,29
93,20,50,0.50,0.20,8242,29
93,20,50,0.50,0.30,9741,29
93,20,50,0.50,0.40,8058,29
93,20,50,0.50,0.50,8664,29
93,20,50,0.50,0.60,9049,27
93,20,50,0.50,0.70,7468,32
93,20,50,0.50,0.80,7978,28
93,20,50,0.50,0.90,7270,29
93,20,50,0.50,1.00,8072,212
93,20,50,0.60,0.00,7843,28
93,20,50,0.60,0.01,8481,28
93,20,50,0.60,0.02,9905,29
93,20,50,0.60,0.05,8058,27
93,20,50,0.60,0.10,9117,28
93,20,50,0.60,0.20,8407,30
93,20,50,0.60,0.30,8511,30
93,20,50,0.60,0.40,8696,32
93,20,50,0.60,0.50,9319,27
93,20,50,0.60,0.60,8833,29
93,20,50,0.60,0.70,7830,61
93,20,50,0.60,0.80,8364,31
93,20,50,0.60,0.90,7673,66
93,20,50,0.60,1.00,7917,217
93,20,50,0.70,0.00,8848,30
93,20,50,0.70,0.01,8414,30
93,20,50,0.70,0.02,8399,29
93,20,50,0.70,0.05,7848,29
93,20,50,0.70,0.10,8192,28
93,20,50,0.70,0.20,7811,29
93,20,50,0.70,0.30,8320,28
93,20,50,0.70,0.40,8150,31
93,20,50,0.70,0.50,8771,28
93,20,50,0.70,0.60,7976,27
93,20,50,0.70,0.70,8009,27
93,20,50,0.70,0.80,8635,30
93,20,50,0.70,0.90,8840,29
93,20,50,0.70,1.00,7721,214
93,20,50,0.80,0.00,8656,28
93,20,50,0.80,0.01,8775,28
93,20,50,0.80,0.02,7997,28
93,20,50,0.80,0.05,8129,28
93,20,50,0.80,0.10,8454,27
93,20,50,0.80,0.20,8593,28
93,20,50,0.80,0.30,8468,30
93,20,50,0.80,0.40,8258,29
93,20,50,0.80,0.50,8336,30
93,20,50,0.80,0.60,7956,27
93,20,50,0.80,0.70,8791,27
93,20,50,0.80,0.80,8226,33
93,20,50,0.80,0.90,7599,32
93,20,50,0.80,1.00,7968,221
93,20,50,0.90,0.00,9691,28
93,20,50,0.90,0.01,7838,36
93,20,50,0.90,0.02,8017,40
93,20,50,0.90,0.05,9054,30
93,20,50,0.90,0.10,7666,28
93,20,50,0.90,0.20,8983,28
93,20,50,0.90,0.30,8798,28
93,20,50,0.90,0.40,8837,27
93,20,50,0.90,0.50,8053,28
93,20,50,0.90,0.60,8769,31
93,20,50,0.90,0.70,9053,33
93,20,50,0.90,0.80,8722,47
93,20,50,0.90,0.90,8198,37
93,20,50,0.90,1.00,7515,248
93,20,50,1.00,0.00,8386,28
93,20,50,1.00,0.01,8835,28
93,20,50,1.00,0.02,8475,28
93,20,50,1.00,0.05,9038,28
93,20,50,1.00,0.10,8474,28
93,20,50,1.00,0.20,8176,27
93,20,50,1.00,0.30,8226,27
93,20,50,1.00,0.40,8290,28
93,20,50,1.00,0.50,7588,27
93,20,50,1.00,0.60,8708,27
93,20,50,1.00,0.70,8228,29
93,20,50,1.00,0.80,8004,29
93,20,50,1.00,0.90,8036,43
93,20,50,1.00,1.00,8308,148
50,10,100,0.00,0.00,3005,15
50,10,100,0.00,0.01,3236,17
50,10,100,0.00,0.02,3112,16
50,10,100,0.00,0.05,3133,15
50,10,100,0.00,0.10,3168,16
50,10,100,0.00,0.20,2794,16
50,10,100,0.00,0.30,2716,23
50,10,100,0.00,0.40,2669,21
50,10,100,0.00,0.50,3163,20
50,10,100,0.00,0.60,2882,17
50,10,100,0.00,0.70,2859,22
50,10,100,0.00,0.80,2927,21
50,10,100,0.00,0.90,2537,43
50,10,100,0.00,1.00,2499,114
50,10,100,0.01,0.00,3347,17
50,10,100,0.01,0.01,2752,18
50,10,100,0.01,0.02,2593,16
50,10,100,0.01,0.05,2879,17
50,10,100,0.01,0.10,2752,16
50,10,100,0.01,0.20,3008,16
50,10,100,0.01,0.30,2381,16
50,10,100,0.01,0.40,3126,16
50,10,100,0.01,0.50,3043,16
50,10,100,0.01,0.60,2612,17
50,10,100,0.01,0.70,2844,15
50,10,100,0.01,0.80,2607,15
50,10,100,0.01,0.90,2889,14
50,10,100,0.01,1.00,2639,107
50,10,100,0.02,0.00,2954,16
50,10,100,0.02,0.01,2907,15
50,10,100,0.02,0.02,2844,17
50,10,100,0.02,0.05,2956,16
50,10,100,0.02,0.10,2677,16
50,10,100,0.02,0.20,2906,15
50,10,100,0.02,0.30,2690,15
50,10,100,0.02,0.40,2997,16
50,10,100,0.02,0.50,2681,17
50,10,100,0.02,0.60,2649,17
50,10,100,0.02,0.70,2864,15
50,10,100,0.02,0.80,2727,25
50,10,100,0.02,0.90,2834,18
50,10,100,0.02,1.00,2669,105
50,10,100,0.05,0.00,3050,16
50,10,100,0.05,0.01,2711,16
50,10,100,0.05,0.02,2944,15
50,10,100,0.05,0.05,3166,16
50,10,100,0.05,0.10,2804,16
50,10,100,0.05,0.20,3151,16
50,10,100,0.05,0.30,2740,16
50,10,100,0.05,0.40,2895,15
50,10,100,0.05,0.50,3240,16
50,10,100,0.05,0.60,2690,16
50,10,100,0.05,0.70,2611,16
50,10,100,0.05,0.80,2504,23
50,10,100,0.05,0.90,2511,19
50,10,100,0.05,1.00,2643,111
50,10,100,0.10,0.00,2684,16
50,10,100,0.10,0.01,3361,15
50,10,100,0.10,0.02,3168,16
50,10,100,0.10,0.05,2564,15
50,10,100,0.10,0.10,3120,15
50,10,100,0.10,0.20,3174,16
50,10,100,0.10,0.30,2813,18
50,10,100,0.10,0.40,2569,17
50,10,100,0.10,0.50,2805,16
50,10,100,0.10,0.60,3058,16
50,10,100,0.10,0.70,2833,17
50,10,100,0.10,0.80,2868,18
50,10,100,0.10,0.90,2729,16
50,10,100,0.10,1.00,2547,120
50,10,100,0.20,0.00,2688,15
50,10,100,0.20,0.01,2908,16
50,10,100,0.20,0.02,2814,16
50,10,100,0.20,0.05,2878,17
50,10,100,0.20,0.10,2759,16
50,10,100,0.20,0.20,2693,16
50,10,100,0.20,0.30,2867,15
50,10,100,0.20,0.40,2924,15
50,10,100,0.20,0.50,3150,16
50,10,100,0.20,0.60,2855,15
50,10,100,0.20,0.70,2610,15
50,10,100,0.20,0.80,2567,18
50,10,100,0.20,0.90,2712,20
50,10,100,0.20,1.00,2796,107
50,10,100,0.30,0.00,3167,16
50,10,100,0.30,0.01,2649,15
50,10,100,0.30,0.02,2737,16
50,10,100,0.30,0.05,3066,16
50,10,100,0.30,0.10,2721,17
50,10,100,0.30,0.20,2810,17
50,10,100,0.30,0.30,2876,16
50,10,100,0.30,0.40,2653,17
50,10,100,0.30,0.50,2542,17
50,10,100,0.30,0.60,2759,16
50,10,100,0.30,0.70,2878,18
50,10,100,0.30,0.80,2962,16
50,10,100,0.30,0.90,2598,23
50,10,100,0.30,1.00,2708,107
50,10,100,0.40,0.00,2695,15
50,10,100,0.40,0.01,2904,16
50,10,100,0.40,0.02,2935,15
50,10,100,0.40,0.05,2775,16
50,10,100,0.40,0.10,2848,15
50,10,100,0.40,0.20,2837,16
50,10,100,0.40,0.30,3129,15
50,10,100,0.40,0.40,2890,15
50,10,100,0.40,0.50,2820,16
50,10,100,0.40,0.60,3056,16
50,10,100,0.40,0.70,2879,15
50,10,100,0.40,0.80,2630,16
50,10,100,0.40,0.90,2719,19
50,10,100,0.40,1.00,2610,109
50,10,100,0.50,0.00,2904,16
50,10,100,0.50,0.01,3358,15
50,10,100,0.50,0.02,2659,16
50,10,100,0.50,0.05,3177,16
50,10,100,0.50,0.10,2506,16
50,10,100,0.50,0.20,2842,15
50,10,100,0.50,0.30,3039,16
50,10,100,0.50,0.40,2853,15
50,10,100,0.50,0.50,3025,15
50,10,100,0.50,0.60,2611,17
50,10,100,0.50,0.70,2641,18
50,10,100,0.50,0.80,2659,18
50,10,100,0.50,0.90,2654,36
50,10,100,0.50,1.00,2637,108
50,10,100,0.60,0.00,3361,15
50,10,100,0.60,0.01,2685,15
50,10,100,0.60,0.02,3133,16
50,10,100,0.60,0.05,2599,16
50,10,100,0.60,0.10,3034,16
50,10,100,0.60,0.20,2589,17
50,10,100,0.60,0.30,3159,15
50,10,100,0.60,0.40,3334,16
50,10,100,0.60,0.50,2695,16
50,10,100,0.60,0.60,2910,18
50,10,100,0.60,0.70,2734,17
50,10,100,0.60,0.80,2714,17
50,10,100,0.60,0.90,2521,28
50,10,100,0.60,1.00,2579,122
50,10,100,0.70,0.00,2923,16
50,10,100,0.70,0.01,2613,16
50,10,100,0.70,0.02,2842,16
50,10,100,0.70,0.05,3028,22
50,10,100,0.70,0.10,3147,27
50,10,100,0.70,0.20,2733,27
50,10,100,0.70,0.30,2859,25
50,10,100,0.70,0.40,2941,17
50,10,100,0.70,0.50,2513,15
50,10,100,0.70,0.60,2757,16
50,10,100,0.70,0.70,2703,16
50,10,100,0.70,0.80,2644,19
50,10,100,0.70,0.90,2578,46
50,10,100,0.70,1.00,2572,117
50,10,100,0.80,0.00,2884,16
50,10,100,0.80,0.01,3065,16
50,10,100,0.80,0.02,2783,16
50,10,100,0.80,0.05,2675,16
50,10,100,0.80,0.10,2710,16
50,10,100,0.80,0.20,2814,17
50,10,100,0.80,0.30,2521,18
50,10,100,0.80,0.40,2906,20
50,10,100,0.80,0.50,2665,22
50,10,100,0.80,0.60,2944,18
50,10,100,0.80,0.70,2677,17
50,10,100,0.80,0.80,2756,30
50,10,100,0.80,0.90,2779,29
50,10,100,0.80,1.00,2525,150
50,10,100,0.90,0.00,3144,17
50,10,100,0.90,0.01,3065,17
50,10,100,0.90,0.02,3355,16
50,10,100,0.90,0.05,2845,17
50,10,100,0.90,0.10,3029,18
50,10,100,0.90,0.20,2917,18
50,10,100,0.90,0.30,3067,16
50,10,100,0.90,0.40,2522,17
50,10,100,0.90,0.50,2820,16
50,10,100,0.90,0.60,2892,18
50,10,100,0.90,0.70,2775,18
50,10,100,0.90,0.80,2651,20
50,10,100,0.90,0.90,2735,21
50,10,100,0.90,1.00,2428,160
50,10,100,1.00,0.00,3166,16
50,10,100,1.00,0.01,2832,16
50,10,100,1.00,0.02,3051,15
50,10,100,1.00,0.05,3084,16
50,10,100,1.00,0.10,2893,16
50,10,100,1.00,0.20,2724,17
50,10,100,1.00,0.30,2600,21
50,10,100,1.00,0.40,2600,18
50,10,100,1.00,0.50,2845,19
50,10,100,1.00,0.60,2786,17
50,10,100,1.00,0.70,2617,16
50,10,100,1.00,0.80,2798,17
50,10,100,1.00,0.90,2603,19
50,10,100,1.00,1.00,2677,93
50,20,100,0.00,0.00,1934,20
50,20,100,0.00,0.01,1730,20
50,20,100,0.00,0.02,1494,25
50,20,100,0.00,0.05,1540,25
50,20,100,0.00,0.10,1585,21
50,20,100,0.00,0.20,1557,20
50,20,100,0.00,0.30,1372,19
50,20,100,0.00,0.40,1412,20
50,20,100,0.00,0.50,1552,15
50,20,100,0.00,0.60,1481,17
50,20,100,0.00,0.70,1500,17
50,20,100,0.00,0.80,1499,16
50,20,100,0.00,0.90,1599,15
50,20,100,0.00,1.00,1355,110
50,20,100,0.01,0.00,1654,18
50,20,100,0.01,0.01,1729,16
50,20,100,0.01,0.02,1621,16
50,20,100,0.01,0.05,1597,16
50,20,100,0.01,0.10,1676,16
50,20,100,0.01,0.20,1508,16
50,20,100,0.01,0.30,1429,15
50,20,100,0.01,0.40,1478,16
50,20,100,0.01,0.50,1514,16
50,20,100,0.01,0.60,1523,16
50,20,100,0.01,0.70,1390,17
50,20,100,0.01,0.80,1486,26
50,20,100,0.01,0.90,1335,25
50,20,100,0.01,1.00,1318,107
50,20,100,0.02,0.00,1519,16
50,20,100,0.02,0.01,1550,16
50,20,100,0.02,0.02,1805,15
50,20,100,0.02,0.05,1472,16
50,20,100,0.02,0.10,1603,15
50,20,100,0.02,0.20,1643,16
50,20,100,0.02,0.30,1690,16
50,20,100,0.02,0.40,1637,18
50,20,100,0.02,0.50,1821,16
50,20,100,0.02,0.60,1521,18
50,20,100,0.02,0.70,1748,16
50,20,100,0.02,0.80,1870,15
50,20,100,0.02,0.90,1450,33
50,20,100,0.02,1.00,1415,114
50,20,100,0.05,0.00,1531,17
50,20,100,0.05,0.01,1351,20
50,20,100,0.05,0.02,1539,19
50,20,100,0.05,0.05,1798,21
50,20,100,0.05,0.10,1750,20
50,20,100,0.05,0.20,1583,16
50,20,100,0.05,0.30,1439,16
50,20,100,0.05,0.40,1593,15
50,20,100,0.05,0.50,1761,16
50,20,100,0.05,0.60,1605,16
50,20,100,0.05,0.70,1394,25
50,20,100,0.05,0.80,1422,20
50,20,100,0.05,0.90,1495,18
50,20,100,0.05,1.00,1453,108
50,20,100,0.10,0.00,1612,16
50,20,100,0.10,0.01,1937,16
50,20,100,0.10,0.02,1594,15
50,20,100,0.10,0.05,1774,15
50,20,100,0.10,0.10,1798,16
50,20,100,0.10,0.20,1409,15
50,20,100,0.10,0.30,1998,15
50,20,100,0.10,0.40,1842,17
50,20,100,0.10,0.50,1488,18
50,20,100,0.10,0.60,1299,18
50,20,100,0.10,0.70,1532,22
50,20,100,0.10,0.80,1615,24
50,20,100,0.10,0.90,1588,20
50,20,100,0.10,1.00,1353,114
50,20,100,0.20,0.00,1844,16
50,20,100,0.20,0.01,1549,17
50,20,100,0.20,0.02,1351,16
50,20,100,0.20,0.05,1597,19
50,20,100,0.20,0.10,1542,16
50,20,100,0.20,0.20,1738,18
50,20,100,0.20,0.30,1803,17
50,20,100,0.20,0.40,1462,16
50,20,100,0.20,0.50,1468,16
50,20,100,0.20,0.60,1534,17
50,20,100,0.20,0.70,1663,18
50,20,100,0.20,0.80,1381,16
50,20,100,0.20,0.90,1335,29
50,20,100,0.20,1.00,1535,111
50,20,100,0.30,0.00,1826,16
50,20,100,0.30,0.01,1709,16
50,20,100,0.30,0.02,1632,16
50,20,100,0.30,0.05,1597,16
50,20,100,0.30,0.10,1748,21
50,20,100,0.30,0.20,1529,16
50,20,100,0.30,0.30,1886,17
50,20,100,0.30,0.40,1539,16
50,20,100,0.30,0.50,1509,16
50,20,100,0.30,0.60,1692,19
50,20,100,0.30,0.70,1721,16
50,20,100,0.30,0.80,1574,18
50,20,100,0.30,0.90,1401,66
50,20,100,0.30,1.00,1250,111
50,20,100,0.40,0.00,2068,15
50,20,100,0.40,0.01,1836,16
50,20,100,0.40,0.02,2000,16
50,20,100,0.40,0.05,1665,16
50,20,100,0.40,0.10,1872,16
50,20,100,0.40,0.20,1490,16
50,20,100,0.40,0.30,1537,16
50,20,100,0.40,0.40,1501,17
50,20,100,0.40,0.50,2114,14
50,20,100,0.40,0.60,1507,15
50,20,100,0.40,0.70,1578,17
50,20,100,0.40,0.80,1659,17
50,20,100,0.40,0.90,1469,17
50,20,100,0.40,1.00,1395,113
50,20,100,0.50,0.00,1889,17
50,20,100,0.50,0.01,1798,15
50,20,100,0.50,0.02,1920,16
50,20,100,0.50,0.05,1346,18
50,20,100,0.50,0.10,1565,15
50,20,100,0.50,0.20,1655,16
50,20,100,0.50,0.30,1537,17
50,20,100,0.50,0.40,1772,16
50,20,100,0.50,0.50,1576,16
50,20,100,0.50,0.60,1524,18
50,20,100,0.50,0.70,1616,17
50,20,100,0.50,0.80,1413,16
50,20,100,0.50,0.90,1508,17
50,20,100,0.50,1.00,1302,118
50,20,100,0.60,0.00,1659,26
50,20,100,0.60,0.01,1797,26
50,20,100,0.60,0.02,1712,26
50,20,100,0.60,0.05,1435,26
50,20,100,0.60,0.10,1563,26
50,20,100,0.60,0.20,1699,27
50,20,100,0.60,0.30,1575,26
50,20,100,0.60,0.40,1407,28
50,20,100,0.60,0.50,1640,16
50,20,100,0.60,0.60,1576,15
50,20,100,0.60,0.70,1675,18
50,20,100,0.60,0.80,1549,18
50,20,100,0.60,0.90,1365,34
50,20,100,0.60,1.00,1457,111
50,20,100,0.70,0.00,1457,15
50,20,100,0.70,0.01,1843,17
50,20,100,0.70,0.02,1498,18
50,20,100,0.70,0.05,1397,17
50,20,100,0.70,0.10,1830,18
50,20,100,0.70,0.20,1509,18
50,20,100,0.70,0.30,1494,17
50,20,100,0.70,0.40,1413,16
50,20,100,0.70,0.50,1687,16
50,20,100,0.70,0.60,1476,17
50,20,100,0.70,0.70,1479,16
50,20,100,0.70,0.80,1526,24
50,20,100,0.70,0.90,1349,16
50,20,100,0.70,1.00,1360,119
50,20,100,0.80,0.00,1487,16
50,20,100,0.80,0.01,1466,16
50,20,100,0.80,0.02,1652,16
50,20,100,0.80,0.05,1697,15
50,20,100,0.80,0.10,1399,16
50,20,100,0.80,0.20,1711,16
50,20,100,0.80,0.30,1793,16
50,20,100,0.80,0.40,1419,16
50,20,100,0.80,0.50,1919,16
50,20,100,0.80,0.60,1696,16
50,20,100,0.80,0.70,1903,16
50,20,100,0.80,0.80,1353,20
50,20,100,0.80,0.90,1532,20
50,20,100,0.80,1.00,1340,107
50,20,100,0.90,0.00,1605,16
50,20,100,0.90,0.01,1515,15
50,20,100,0.90,0.02,1641,15
50,20,100,0.90,0.05,1428,15
50,20,100,0.90,0.10,1540,16
50,20,100,0.90,0.20,1551,15
50,20,100,0.90,0.30,1941,15
50,20,100,0.90,0.40,1964,16
50,20,100,0.90,0.50,1546,16
50,20,100,0.90,0.60,1519,15
50,20,100,0.90,0.70,1781,15
50,20,100,0.90,0.80,1367,15
50,20,100,0.90,0.90,1588,18
50,20,100,0.90,1.00,1435,108
50,20,100,1.00,0.00,1395,15
50,20,100,1.00,0.01,1746,15
50,20,100,1.00,0.02,1545,15
50,20,100,1.00,0.05,1817,16
50,20,100,1.00,0.10,1790,15
50,20,100,1.00,0.20,1783,15
50,20,100,1.00,0.30,1511,16
50,20,100,1.00,0.40,1427,15
50,20,100,1.00,0.50,1725,15
50,20,100,1.00,0.60,1570,15
50,20,100,1.00,0.70,1516,15
50,20,100,1.00,0.80,1490,17
50,20,100,1.00,0.90,1425,25
50,20,100,1.00,1.00,1509,83
93,10,100,0.00,0.00,13221,28
93,10,100,0.00,0.01,14169,29
93,10,100,0.00,0.02,13145,30
93,10,100,0.00,0.05,13766,28
93,10,100,0.00,0.10,14065,27
93,10,100,0.00,0.20,14274,28
93,10,100,0.00,0.30,15085,28
93,10,100,0.00,0.40,13167,30
93,10,100,0.00,0.50,13421,27
93,10,100,0.00,0.60,12947,34
93,10,100,0.00,0.70,12991,30
93,10,100,0.00,0.80,12816,31
93,10,100,0.00,0.90,13003,44
93,10,100,0.00,1.00,13184,215
93,10,100,0.01,0.00,13955,41
93,10,100,0.01,0.01,14741,44
93,10,100,0.01,0.02,12926,32
93,10,100,0.01,0.05,16517,28
93,10,100,0.01,0.10,13792,31
93,10,100,0.01,0.20,14083,32
93,10,100,0.01,0.30,13913,33
93,10,100,0.01,0.40,13663,28
93,10,100,0.01,0.50,12792,29
93,10,100,0.01,0.60,13589,36
93,10,100,0.01,0.70,13578,42
93,10,100,0.01,0.80,12906,51
93,10,100,0.01,0.90,12901,107
93,10,100,0.01,1.00,13370,241
93,10,100,0.02,0.00,13988,34
93,10,100,0.02,0.01,15069,33
93,10,100,0.02,0.02,14123,37
93,10,100,0.02,0.05,13259,27
93,10,100,0.02,0.10,13705,28
93,10,100,0.02,0.20,12737,30
93,10,100,0.02,0.30,13426,27
93,10,100,0.02,0.40,13473,29
93,10,100,0.02,0.50,13939,28
93,10,100,0.02,0.60,13571,27
93,10,100,0.02,0.70,12979,31
93,10,100,0.02,0.80,13117,31
93,10,100,0.02,0.90,12852,62
93,10,100,0.02,1.00,12359,213
93,10,100,0.05,0.00,14307,30
93,10,100,0.05,0.01,14599,28
93,10,100,0.05,0.02,13474,27
93,10,100,0.05,0.05,14617,28
93,10,100,0.05,0.10,15264,29
93,10,100,0.05,0.20,13086,28
93,10,100,0.05,0.30,13848,28
93,10,100,0.05,0.40,12221,29
93,10,100,0.05,0.50,13252,29
93,10,100,0.05,0.60,12982,31
93,10,100,0.05,0.70,13000,31
93,10,100,0.05,0.80,12448,38
93,10,100,0.05,0.90,13446,27
93,10,100,0.05,1.00,12677,303
93,10,100,0.10,0.00,12696,41
93,10,100,0.10,0.01,13326,36
93,10,100,0.10,0.02,14044,37
93,10,100,0.10,0.05,13848,37
93,10,100,0.10,0.10,14409,41
93,10,100,0.10,0.20,13590,38
93,10,100,0.10,0.30,13297,37
93,10,100,0.10,0.40,13520,35
93,10,100,0.10,0.50,12826,49
93,10,100,0.10,0.60,13202,39
93,10,100,0.10,0.70,13792,37
93,10,100,0.10,0.80,13462,37
93,10,100,0.10,0.90,13099,35
93,10,100,0.10,1.00,12318,248
93,10,100,0.20,0.00,14356,30
93,10,100,0.20,0.01,15668,29
93,10,100,0.20,0.02,13446,30
93,10,100,0.20,0.05,13912,29
93,10,100,0.20,0.10,14187,35
93,10,100,0.20,0.20,13169,31
93,10,100,0.20,0.30,13439,33
93,10,100,0.20,0.40,13470,38
93,10,100,0.20,0.50,13327,29
93,10,100,0.20,0.60,13173,36
93,10,100,0.20,0.70,13762,34
93,10,100,0.20,0.80,13108,35
93,10,100,0.20,0.90,13607,54
93,10,100,0.20,1.00,12539,243
93,10,100,0.30,0.00,14210,30
93,10,100,0.30,0.01,13644,29
93,10,100,0.30,0.02,15434,30
93,10,100,0.30,0.05,14336,28
93,10,100,0.30,0.10,14273,29
93,10,100,0.30,0.20,13864,29
93,10,100,0.30,0.30,14443,28
93,10,100,0.30,0.40,15115,27
93,10,100,0.30,0.50,13201,30
93,10,100,0.30,0.60,13862,27
93,10,100,0.30,0.70,12428,28
93,10,100,0.30,0.80,12724,37
93,10,100,0.30,0.90,12584,32
93,10,100,0.30,1.00,12621,214
93,10,100,0.40,0.00,13992,29
93,10,100,0.40,0.01,13485,28
93,10,100,0.40,0.02,14233,28
93,10,100,0.40,0.05,13899,29
93,10,100,0.40,0.10,12824,28
93,10,100,0.40,0.20,14161,29
93,10,100,0.40,0.30,13132,28
93,10,100,0.40,0.40,14189,28
93,10,100,0.40,0.50,13178,31
93,10,100,0.40,0.60,13686,28
93,10,100,0.40,0.70,12577,29
93,10,100,0.40,0.80,12903,31
93,10,100,0.40,0.90,14283,28
93,10,100,0.40,1.00,12235,220
93,10,100,0.50,0.00,13792,29
93,10,100,0.50,0.01,14367,28
93,10,100,0.50,0.02,13797,29
93,10,100,0.50,0.05,12982,28
93,10,100,0.50,0.10,13408,29
93,10,100,0.50,0.20,13643,27
93,10,100,0.50,0.30,13487,29
93,10,100,0.50,0.40,12950,29
93,10,100,0.50,0.50,13135,29
93,10,100,0.50,0.60,12792,31
93,10,100,0.50,0.70,15024,28
93,10,100,0.50,0.80,12825,31
93,10,100,0.50,0.90,12707,59
93,10,100,0.50,1.00,12435,218
93,10,100,0.60,0.00,14196,29
93,10,100,0.60,0.01,13522,29
93,10,100,0.60,0.02,13283,29
93,10,100,0.60,0.05,14846,34
93,10,100,0.60,0.10,14661,31
93,10,100,0.60,0.20,13369,29
93,10,100,0.60,0.30,14381,28
93,10,100,0.60,0.40,13699,29
93,10,100,0.60,0.50,13391,28
93,10,100,0.60,0.60,13142,28
93,10,100,0.60,0.70,13266,27
93,10,100,0.60,0.80,12754,27
93,10,100,0.60,0.90,12345,50
93,10,100,0.60,1.00,12995,213
93,10,100,0.70,0.00,12990,28
93,10,100,0.70,0.01,15567,28
93,10,100,0.70,0.02,12822,28
93,10,100,0.70,0.05,13128,28
93,10,100,0.70,0.10,13138,30
93,10,100,0.70,0.20,13145,30
93,10,100,0.70,0.30,13359,28
93,10,100,0.70,0.40,13537,28
93,10,100,0.70,0.50,13877,28
93,10,100,0.70,0.60,12886,31
93,10,100,0.70,0.70,13101,33
93,10,100,0.70,0.80,13314,29
93,10,100,0.70,0.90,12815,85
93,10,100,0.70,1.00,12788,214
93,10,100,0.80,0.00,13791,29
93,10,100,0.80,0.01,13551,28
93,10,100,0.80,0.02,13649,29
93,10,100,0.80,0.05,13754,28
93,10,100,0.80,0.10,13484,29
93,10,100,0.80,0.20,13547,28
93,10,100,0.80,0.30,14353,28
93,10,100,0.80,0.40,12687,28
93,10,100,0.80,0.50,13233,31
93,10,100,0.80,0.60,12705,30
93,10,100,0.80,0.70,13142,32
93,10,100,0.80,0.80,13414,27
93,10,100,0.80,0.90,13277,31
93,10,100,0.80,1.00,12646,216
93,10,100,0.90,0.00,13159,30
93,10,100,0.90,0.01,14574,28
93,10,100,0.90,0.02,14057,30
93,10,100,0.90,0.05,13825,29
93,10,100,0.90,0.10,15367,29
93,10,100,0.90,0.20,14749,31
93,10,100,0.90,0.30,13922,32
93,10,100,0.90,0.40,14243,46
93,10,100,0.90,0.50,13369,66
93,10,100,0.90,0.60,15151,68
93,10,100,0.90,0.70,13780,64
93,10,100,0.90,0.80,13192,38
93,10,100,0.90,0.90,13162,47
93,10,100,0.90,1.00,12630,268
93,10,100,1.00,0.00,13415,31
93,10,100,1.00,0.01,13345,30
93,10,100,1.00,0.02,14580,33
93,10,100,1.00,0.05,13643,29
93,10,100,1.00,0.10,12897,31
93,10,100,1.00,0.20,13906,27
93,10,100,1.00,0.30,13433,28
93,10,100,1.00,0.40,12634,28
93,10,100,1.00,0.50,14812,28
93,10,100,1.00,0.60,12777,28
93,10,100,1.00,0.70,12897,28
93,10,100,1.00,0.80,12945,27
93,10,100,1.00,0.90,12927,33
93,10,100,1.00,1.00,12516,154
93,20,100,0.00,0.00,8111,28
93,20,100,0.00,0.01,8599,28
93,20,100,0.00,0.02,9727,29
93,20,100,0.00,0.05,8663,28
93,20,100,0.00,0.10,8312,28
93,20,100,0.00,0.20,8526,28
93,20,100,0.00,0.30,9968,29
93,20,100,0.00,0.40,7807,29
93,20,100,0.00,0.50,8447,32
93,20,100,0.00,0.60,8422,31
93,20,100,0.00,0.70,8015,27
93,20,100,0.00,0.80,8101,29
93,20,100,0.00,0.90,8001,28
93,20,100,0.00,1.00,7938,215
93,20,100,0.01,0.00,9042,28
93,20,100,0.01,0.01,8282,28
93,20,100,0.01,0.02,9201,29
93,20,100,0.01,0.05,8667,28
93,20,100,0.01,0.10,8082,28
93,20,100,0.01,0.20,10065,30
93,20,100,0.01,0.30,8707,29
93,20,100,0.01,0.40,9148,28
93,20,100,0.01,0.50,8175,30
93,20,100,0.01,0.60,9220,27
93,20,100,0.01,0.70,8386,27
93,20,100,0.01,0.80,7757,38
93,20,100,0.01,0.90,7729,49
93,20,100,0.01,1.00,8052,210
93,20,100,0.02,0.00,9254,28
93,20,100,0.02,0.01,8259,28
93,20,100,0.02,0.02,8889,28
93,20,100,0.02,0.05,8891,29
93,20,100,0.02,0.10,9112,28
93,20,100,0.02,0.20,9297,29
93,20,100,0.02,0.30,9328,28
93,20,100,0.02,0.40,7896,29
93,20,100,0.02,0.50,10211,29
93,20,100,0.02,0.60,7804,32
93,20,100,0.02,0.70,7991,33
93,20,100,0.02,0.80,9316,32
93,20,100,0.02,0.90,8168,32
93,20,100,0.02,1.00,8335,212
93,20,100,0.05,0.00,9109,29
93,20,100,0.05,0.01,10379,29
93,20,100,0.05,0.02,8355,42
93,20,100,0.05,0.05,8517,29
93,20,100,0.05,0.10,8369,29
93,20,100,0.05,0.20,8306,28
93,20,100,0.05,0.30,9224,29
93,20,100,0.05,0.40,8107,28
93,20,100,0.05,0.50,7788,31
93,20,100,0.05,0.60,9733,29
93,20,100,0.05,0.70,7949,32
93,20,100,0.05,0.80,9010,30
93,20,100,0.05,0.90,7582,42
93,20,100,0.05,1.00,7886,215
93,20,100,0.10,0.00,8729,28
93,20,100,0.10,0.01,8441,29
93,20,100,0.10,0.02,8919,27
93,20,100,0.10,0.05,8829,28
93,20,100,0.10,0.10,8504,28
93,20,100,0.10,0.20,7892,27
93,20,100,0.10,0.30,8511,28
93,20,100,0.10,0.40,8376,28
93,20,100,0.10,0.50,8227,27
93,20,100,0.10,0.60,7957,30
93,20,100,0.10,0.70,8277,51
93,20,100,0.10,0.80,7630,30
93,20,100,0.10,0.90,7857,87
93,20,100,0.10,1.00,7607,213
93,20,100,0.20,0.00,8376,28
93,20,100,0.20,0.01,7998,28
93,20,100,0.20,0.02,8410,29
93,20,100,0.20,0.05,8192,28
93,20,100,0.20,0.10,9069,28
93,20,100,0.20,0.20,9411,27
93,20,100,0.20,0.30,8436,28
93,20,100,0.20,0.40,8182,29
93,20,100,0.20,0.50,8451,31
93,20,100,0.20,0.60,8360,28
93,20,100,0.20,0.70,8306,28
93,20,100,0.20,0.80,8341,37
93,20,100,0.20,0.90,8181,44
93,20,100,0.20,1.00,7954,215
93,20,100,0.30,0.00,9705,28
93,20,100,0.30,0.01,8924,29
93,20,100,0.30,0.02,8732,29
93,20,100,0.30,0.05,8467,28
93,20,100,0.30,0.10,8032,28
93,20,100,0.30,0.20,7803,29
93,20,100,0.30,0.30,10302,31
93,20,100,0.30,0.40,8673,33
93,20,100,0.30,0.50,8300,29
93,20,100,0.30,0.60,7897,31
93,20,100,0.30,0.70,7960,34
93,20,100,0.30,0.80,8299,38
93,20,100,0.30,0.90,8599,28
93,20,100,0.30,1.00,7665,283
93,20,100,0.40,0.00,8798,31
93,20,100,0.40,0.01,7976,42
93,20,100,0.40,0.02,8122,48
93,20,100,0.40,0.05,9410,47
93,20,100,0.40,0.10,8775,41
93,20,100,0.40,0.20,8568,38
93,20,100,0.40,0.30,8366,28
93,20,100,0.40,0.40,8857,28
93,20,100,0.40,0.50,8051,31
93,20,100,0.40,0.60,8644,28
93,20,100,0.40,0.70,9215,35
93,20,100,0.40,0.80,8372,41
93,20,100,0.40,0.90,7743,43
93,20,100,0.40,1.00,8206,235
93,20,100,0.50,0.00,8305,28
93,20,100,0.50,0.01,10428,30
93,20,100,0.50,0.02,8174,46
93,20,100,0.50,0.05,8360,40
93,20,100,0.50,0.10,8460,29
93,20,100,0.50,0.20,9457,28
93,20,100,0.50,0.30,7664,26
93,20,100,0.50,0.40,8475,28
93,20,100,0.50,0.50,9242,28
93,20,100,0.50,0.60,8272,31
93,20,100,0.50,0.70,8229,29
93,20,100,0.50,0.80,8694,38
93,20,100,0.50,0.90,7964,48
93,20,100,0.50,1.00,7715,218
93,20,100,0.60,0.00,8606,28
93,20,100,0.60,0.01,10434,28
93,20,100,0.60,0.02,8438,28
93,20,100,0.60,0.05,8571,28
93,20,100,0.60,0.10,8997,29
93,20,100,0.60,0.20,7884,30
93,20,100,0.60,0.30,8645,28
93,20,100,0.60,0.40,8526,31
93,20,100,0.60,0.50,7933,30
93,20,100,0.60,0.60,7904,30
93,20,100,0.60,0.70,8156,33
93,20,100,0.60,0.80,8201,32
93,20,100,0.60,0.90,7883,37
93,20,100,0.60,1.00,7972,208
93,20,100,0.70,0.00,8676,28
93,20,100,0.70,0.01,8764,29
93,20,100,0.70,0.02,8052,28
93,20,100,0.70,0.05,8734,28
93,20,100,0.70,0.10,9227,28
93,20,100,0.70,0.20,9160,29
93,20,100,0.70,0.30,9064,28
93,20,100,0.70,0.40,8705,28
93,20,100,0.70,0.50,8973,29
93,20,100,0.70,0.60,7539,33
93,20,100,0.70,0.70,7853,30
93,20,100,0.70,0.80,7676,27
93,20,100,0.70,0.90,7866,30
93,20,100,0.70,1.00,7814,237
93,20,100,0.80,0.00,9482,31
93,20,100,0.80,0.01,8739,29
93,20,100,0.80,0.02,7904,28
93,20,100,0.80,0.05,8524,29
93,20,100,0.80,0.10,8885,28
93,20,100,0.80,0.20,8771,29
93,20,100,0.80,0.30,8643,29
93,20,100,0.80,0.40,11194,28
93,20,100,0.80,0.50,8312,31
93,20,100,0.80,0.60,9008,27
93,20,100,0.80,0.70,9297,28
93,20,100,0.80,0.80,7904,32
93,20,100,0.80,0.90,7853,37
93,20,100,0.80,1.00,8194,219
93,20,100,0.90,0.00,10363,29
93,20,100,0.90,0.01,9268,33
93,20,100,0.90,0.02,8702,32
93,20,100,0.90,0.05,9036,32
93,20,100,0.90,0.10,9742,52
93,20,100,0.90,0.20,8432,34
93,20,100,0.90,0.30,7914,29
93,20,100,0.90,0.40,8682,30
93,20,100,0.90,0.50,8635,32
93,20,100,0.90,0.60,8237,38
93,20,100,0.90,0.70,8389,37
93,20,100,0.90,0.80,7939,31
93,20,100,0.90,0.90,8106,49
93,20,100,0.90,1.00,7811,215
93,20,100,1.00,0.00,8964,27
93,20,100,1.00,0.01,9467,28
93,20,100,1.00,0.02,9247,28
93,20,100,1.00,0.05,8130,27
93,20,100,1.00,0.10,8847,27
93,20,100,1.00,0.20,8688,27
93,20,100,1.00,0.30,9073,27
93,20,100,1.00,0.40,7767,27
93,20,100,1.00,0.50,8318,28
93,20,100,1.00,0.60,7759,28
93,20,100,1.00,0.70,8581,30
93,20,100,1.00,0.80,8155,29
93,20,100,1.00,0.90,7957,32
93,20,100,1.00,1.00,7964,147
93,10,100,0.00,0.00,13898,29
93,10,100,0.00,0.01,13243,28
93,10,100,0.00,0.02,14697,28
93,10,100,0.00,0.05,14075,28
93,10,100,0.00,0.10,13047,38
93,10,100,0.00,0.20,13636,36
93,10,100,0.00,0.30,13729,29
93,10,100,0.00,0.40,13767,29
93,10,100,0.00,0.50,13062,33
93,10,100,0.00,0.60,13017,33
93,10,100,0.00,0.70,13264,32
93,10,100,0.00,0.80,13405,38
93,10,100,0.00,0.90,13133,82
93,10,100,0.00,1.00,12805,212
93,10,100,0.01,0.00,14389,30
93,10,100,0.01,0.01,14697,28
93,10,100,0.01,0.02,13936,29
93,10,100,0.01,0.05,13549,29
93,10,100,0.01,0.10,12889,29
93,10,100,0.01,0.20,13707,28
93,10,100,0.01,0.30,13750,28
93,10,100,0.01,0.40,14136,29
93,10,100,0.01,0.50,13833,30
93,10,100,0.01,0.60,13522,28
93,10,100,0.01,0.70,13117,33
93,10,100,0.01,0.80,12491,35
93,10,100,0.01,0.90,13177,30
93,10,100,0.01,1.00,12898,218
93,10,100,0.02,0.00,13563,29
93,10,100,0.02,0.01,13518,28
93,10,100,0.02,0.02,13751,28
93,10,100,0.02,0.05,13616,29
93,10,100,0.02,0.10,15131,40
93,10,100,0.02,0.20,14601,37
93,10,100,0.02,0.30,13868,31
93,10,100,0.02,0.40,13966,35
93,10,100,0.02,0.50,14828,28
93,10,100,0.02,0.60,13254,33
93,10,100,0.02,0.70,13087,32
93,10,100,0.02,0.80,12868,30
93,10,100,0.02,0.90,12636,90
93,10,100,0.02,1.00,12930,208
93,10,100,0.05,0.00,14085,28
93,10,100,0.05,0.01,14107,28
93,10,100,0.05,0.02,13618,28
93,10,100,0.05,0.05,13794,29
93,10,100,0.05,0.10,14131,28
93,10,100,0.05,0.20,13270,28
93,10,100,0.05,0.30,13247,32
93,10,100,0.05,0.40,14734,28
93,10,100,0.05,0.50,14392,29
93,10,100,0.05,0.60,12846,37
93,10,100,0.05,0.70,12677,34
93,10,100,0.05,0.80,12780,36
93,10,100,0.05,0.90,13511,32
93,10,100,0.05,1.00,12436,216
93,10,100,0.10,0.00,13460,27
93,10,100,0.10,0.01,14635,28
93,10,100,0.10,0.02,15098,29
93,10,100,0.10,0.05,14387,28
93,10,100,0.10,0.10,13254,28
93,10,100,0.10,0.20,13639,28
93,10,100,0.10,0.30,12884,28
93,10,100,0.10,0.40,14508,28
93,10,100,0.10,0.50,13451,33
93,10,100,0.10,0.60,13085,36
93,10,100,0.10,0.70,13402,35
93,10,100,0.10,0.80,12914,33
93,10,100,0.10,0.90,13101,35
93,10,100,0.10,1.00,12826,209
93,10,100,0.20,0.00,13506,28
93,10,100,0.20,0.01,12955,29
93,10,100,0.20,0.02,13896,28
93,10,100,0.20,0.05,13675,28
93,10,100,0.20,0.10,13586,29
93,10,100,0.20,0.20,14563,28
93,10,100,0.20,0.30,14941,28
93,10,100,0.20,0.40,12982,31
93,10,100,0.20,0.50,13036,28
93,10,100,0.20,0.60,13460,31
93,10,100,0.20,0.70,12960,34
93,10,100,0.20,0.80,14427,29
93,10,100,0.20,0.90,13300,28
93,10,100,0.20,1.00,12679,212
93,10,100,0.30,0.00,13671,28
93,10,100,0.30,0.01,13087,29
93,10,100,0.30,0.02,14327,28
93,10,100,0.30,0.05,13583,29
93,10,100,0.30,0.10,13971,28
93,10,100,0.30,0.20,13824,29
93,10,100,0.30,0.30,14621,28
93,10,100,0.30,0.40,14099,28
93,10,100,0.30,0.50,13822,28
93,10,100,0.30,0.60,12906,29
93,10,100,0.30,0.70,14324,27
93,10,100,0.30,0.80,12768,33
93,10,100,0.30,0.90,13159,29
93,10,100,0.30,1.00,12709,229
93,10,100,0.40,0.00,13291,29
93,10,100,0.40,0.01,13646,28
93,10,100,0.40,0.02,13740,25
93,10,100,0.40,0.05,13158,29
93,10,100,0.40,0.10,14645,29
93,10,100,0.40,0.20,13797,30
93,10,100,0.40,0.30,13325,40
93,10,100,0.40,0.40,14105,46
93,10,100,0.40,0.50,13049,34
93,10,100,0.40,0.60,14926,28
93,10,100,0.40,0.70,13024,31
93,10,100,0.40,0.80,12899,37
93,10,100,0.40,0.90,12382,61
93,10,100,0.40,1.00,12646,224
93,10,100,0.50,0.00,15830,28
93,10,100,0.50,0.01,13705,28
93,10,100,0.50,0.02,13603,28
93,10,100,0.50,0.05,13577,31
93,10,100,0.50,0.10,12699,34
93,10,100,0.50,0.20,13257,32
93,10,100,0.50,0.30,13491,30
93,10,100,0.50,0.40,14175,35
93,10,100,0.50,0.50,15256,29
93,10,100,0.50,0.60,13007,32
93,10,100,0.50,0.70,13121,27
93,10,100,0.50,0.80,13274,32
93,10,100,0.50,0.90,14412,27
93,10,100,0.50,1.00,12939,236
93,10,100,0.60,0.00,14276,32
93,10,100,0.60,0.01,13985,30
93,10,100,0.60,0.02,14235,29
93,10,100,0.60,0.05,14612,29
93,10,100,0.60,0.10,14511,30
93,10,100,0.60,0.20,13340,30
93,10,100,0.60,0.30,13288,29
93,10,100,0.60,0.40,12771,28
93,10,100,0.60,0.50,13106,32
93,10,100,0.60,0.60,13567,28
93,10,100,0.60,0.70,13203,30
93,10,100,0.60,0.80,13427,35
93,10,100,0.60,0.90,12788,49
93,10,100,0.60,1.00,13227,222
93,10,100,0.70,0.00,15023,28
93,10,100,0.70,0.01,14800,28
93,10,100,0.70,0.02,13529,28
93,10,100,0.70,0.05,13498,29
93,10,100,0.70,0.10,13941,28
93,10,100,0.70,0.20,13643,28
93,10,100,0.70,0.30,14125,27
93,10,100,0.70,0.40,12780,29
93,10,100,0.70,0.50,13784,31
93,10,100,0.70,0.60,14222,27
93,10,100,0.70,0.70,13283,27
93,10,100,0.70,0.80,12773,28
93,10,100,0.70,0.90,13024,42
93,10,100,0.70,1.00,12390,212
93,10,100,0.80,0.00,14184,28
93,10,100,0.80,0.01,13759,29
93,10,100,0.80,0.02,14317,29
93,10,100,0.80,0.05,13330,28
93,10,100,0.80,0.10,13455,29
93,10,100,0.80,0.20,13689,30
93,10,100,0.80,0.30,13529,28
93,10,100,0.80,0.40,13445,28
93,10,100,0.80,0.50,12803,28
93,10,100,0.80,0.60,13426,28
93,10,100,0.80,0.70,14332,28
93,10,100,0.80,0.80,13408,29
93,10,100,0.80,0.90,12740,50
93,10,100,0.80,1.00,12606,217
93,10,100,0.90,0.00,14302,28
93,10,100,0.90,0.01,13447,28
93,10,100,0.90,0.02,14076,28
93,10,100,0.90,0.05,14044,29
93,10,100,0.90,0.10,13915,28
93,10,100,0.90,0.20,12650,32
93,10,100,0.90,0.30,13998,28
93,10,100,0.90,0.40,13355,28
93,10,100,0.90,0.50,14052,28
93,10,100,0.90,0.60,13418,30
93,10,100,0.90,0.70,13741,29
93,10,100,0.90,0.80,13057,30
93,10,100,0.90,0.90,14266,31
93,10,100,0.90,1.00,12763,216
93,10,100,1.00,0.00,14162,27
93,10,100,1.00,0.01,14463,28
93,10,100,1.00,0.02,13485,28
93,10,100,1.00,0.05,12393,28
93,10,100,1.00,0.10,13699,28
93,10,100,1.00,0.20,14018,28
93,10,100,1.00,0.30,13801,27
93,10,100,1.00,0.40,13263,27
93,10,100,1.00,0.50,13932,28
93,10,100,1.00,0.60,13297,26
93,10,100,1.00,0.70,13102,28
93,10,100,1.00,0.80,12904,30
93,10,100,1.00,0.90,13287,39
93,10,100,1.00,1.00,12697,148
93,20,100,0.00,0.00,7948,30
93,20,100,0.00,0.01,8353,28
93,20,100,0.00,0.02,8458,28
93,20,100,0.00,0.05,9035,28
93,20,100,0.00,0.10,8921,30
93,20,100,0.00,0.20,8976,28
93,20,100,0.00,0.30,9608,28
93,20,100,0.00,0.40,9096,27
93,20,100,0.00,0.50,8799,28
93,20,100,0.00,0.60,8127,31
93,20,100,0.00,0.70,8449,29
93,20,100,0.00,0.80,8020,29
93,20,100,0.00,0.90,8048,30
93,20,100,0.00,1.00,8210,210
93,20,100,0.01,0.00,7976,28
93,20,100,0.01,0.01,8799,28
93,20,100,0.01,0.02,9110,28
93,20,100,0.01,0.05,8533,29
93,20,100,0.01,0.10,8679,28
93,20,100,0.01,0.20,8680,29
93,20,100,0.01,0.30,8371,27
93,20,100,0.01,0.40,7901,30
93,20,100,0.01,0.50,8476,28
93,20,100,0.01,0.60,8521,28
93,20,100,0.01,0.70,8076,36
93,20,100,0.01,0.80,7856,41
93,20,100,0.01,0.90,7953,57
93,20,100,0.01,1.00,8107,213
93,20,100,0.02,0.00,8684,29
93,20,100,0.02,0.01,9984,30
93,20,100,0.02,0.02,9328,29
93,20,100,0.02,0.05,8446,28
93,20,100,0.02,0.10,8311,29
93,20,100,0.02,0.20,7860,30
93,20,100,0.02,0.30,8762,28
93,20,100,0.02,0.40,8907,29
93,20,100,0.02,0.50,8479,32
93,20,100,0.02,0.60,8862,29
93,20,100,0.02,0.70,8556,31
93,20,100,0.02,0.80,7907,31
93,20,100,0.02,0.90,7915,71
93,20,100,0.02,1.00,8423,214
93,20,100,0.05,0.00,8817,31
93,20,100,0.05,0.01,7597,29
93,20,100,0.05,0.02,7891,28
93,20,100,0.05,0.05,8331,29
93,20,100,0.05,0.10,8284,29
93,20,100,0.05,0.20,8335,30
93,20,100,0.05,0.30,8828,28
93,20,100,0.05,0.40,9833,28
93,20,100,0.05,0.50,9388,30
93,20,100,0.05,0.60,9327,28
93,20,100,0.05,0.70,7679,29
93,20,100,0.05,0.80,8196,31
93,20,100,0.05,0.90,7867,38
93,20,100,0.05,1.00,7748,214
93,20,100,0.10,0.00,10125,29
93,20,100,0.10,0.01,8438,28
93,20,100,0.10,0.02,11068,29
93,20,100,0.10,0.05,8620,29
93,20,100,0.10,0.10,8656,28
93,20,100,0.10,0.20,8259,29
93,20,100,0.10,0.30,9150,28
93,20,100,0.10,0.40,8443,28
93,20,100,0.10,0.50,8048,29
93,20,100,0.10,0.60,7488,31
93,20,100,0.10,0.70,7912,42
93,20,100,0.10,0.80,7845,29
93,20,100,0.10,0.90,8030,100
93,20,100,0.10,1.00,7579,210
93,20,100,0.20,0.00,9085,28
93,20,100,0.20,0.01,8891,28
93,20,100,0.20,0.02,8938,28
93,20,100,0.20,0.05,7986,29
93,20,100,0.20,0.10,8973,27
93,20,100,0.20,0.20,9497,28
93,20,100,0.20,0.30,9217,28
93,20,100,0.20,0.40,8990,28
93,20,100,0.20,0.50,8128,27
93,20,100,0.20,0.60,8206,27
93,20,100,0.20,0.70,8905,29
93,20,100,0.20,0.80,7636,50
93,20,100,0.20,0.90,8145,65
93,20,100,0.20,1.00,8053,213
93,20,100,0.30,0.00,8267,29
93,20,100,0.30,0.01,9570,27
93,20,100,0.30,0.02,9305,27
93,20,100,0.30,0.05,8592,29
93,20,100,0.30,0.10,9702,27
93,20,100,0.30,0.20,8792,29
93,20,100,0.30,0.30,7870,33
93,20,100,0.30,0.40,8376,31
93,20,100,0.30,0.50,8371,27
93,20,100,0.30,0.60,8689,30
93,20,100,0.30,0.70,8515,28
93,20,100,0.30,0.80,7427,34
93,20,100,0.30,0.90,8056,51
93,20,100,0.30,1.00,8000,214
93,20,100,0.40,0.00,8566,28
93,20,100,0.40,0.01,8401,32
93,20,100,0.40,0.02,10831,28
93,20,100,0.40,0.05,8288,30
93,20,100,0.40,0.10,8135,29
93,20,100,0.40,0.20,8902,29
93,20,100,0.40,0.30,11052,28
93,20,100,0.40,0.40,8253,27
93,20,100,0.40,0.50,8462,28
93,20,100,0.40,0.60,8069,30
93,20,100,0.40,0.70,8831,28
93,20,100,0.40,0.80,7991,27
93,20,100,0.40,0.90,8117,38
93,20,100,0.40,1.00,8294,211
93,20,100,0.50,0.00,8065,28
93,20,100,0.50,0.01,8397,29
93,20,100,0.50,0.02,9460,28
93,20,100,0.50,0.05,8546,28
93,20,100,0.50,0.10,10764,29
93,20,100,0.50,0.20,8547,28
93,20,100,0.50,0.30,8336,27
93,20,100,0.50,0.40,8346,28
93,20,100,0.50,0.50,9254,30
93,20,100,0.50,0.60,8404,38
93,20,100,0.50,0.70,9018,27
93,20,100,0.50,0.80,7965,39
93,20,100,0.50,0.90,8181,32
93,20,100,0.50,1.00,7530,214
93,20,100,0.60,0.00,8187,28
93,20,100,0.60,0.01,8944,28
93,20,100,0.60,0.02,8310,29
93,20,100,0.60,0.05,8176,29
93,20,100,0.60,0.10,10035,28
93,20,100,0.60,0.20,8789,28
93,20,100,0.60,0.30,9388,27
93,20,100,0.60,0.40,8449,29
93,20,100,0.60,0.50,10467,28
93,20,100,0.60,0.60,7897,29
93,20,100,0.60,0.70,8289,31
93,20,100,0.60,0.80,7945,37
93,20,100,0.60,0.90,8135,39
93,20,100,0.60,1.00,8093,209
93,20,100,0.70,0.00,9534,30
93,20,100,0.70,0.01,8216,29
93,20,100,0.70,0.02,8430,28
93,20,100,0.70,0.05,8407,28
93,20,100,0.70,0.10,8988,29
93,20,100,0.70,0.20,8185,31
93,20,100,0.70,0.30,8754,29
93,20,100,0.70,0.40,8213,28
93,20,100,0.70,0.50,8367,30
93,20,100,0.70,0.60,8431,28
93,20,100,0.70,0.70,9990,27
93,20,100,0.70,0.80,8729,28
93,20,100,0.70,0.90,7671,34
93,20,100,0.70,1.00,7899,216
93,20,100,0.80,0.00,8613,28
93,20,100,0.80,0.01,8230,27
93,20,100,0.80,0.02,8784,28
93,20,100,0.80,0.05,9263,27
93,20,100,0.80,0.10,8644,29
93,20,100,0.80,0.20,8296,30
93,20,100,0.80,0.30,8396,27
93,20,100,0.80,0.40,8533,31
93,20,100,0.80,0.50,8010,29
93,20,100,0.80,0.60,8361,29
93,20,100,0.80,0.70,8792,27
93,20,100,0.80,0.80,7907,33
93,20,100,0.80,0.90,8056,31
93,20,100,0.80,1.00,7883,213
93,20,100,0.90,0.00,8923,28
93,20,100,0.90,0.01,10469,29
93,20,100,0.90,0.02,10962,28
93,20,100,0.90,0.05,7905,29
93,20,100,0.90,0.10,8964,29
93,20,100,0.90,0.20,9542,28
93,20,100,0.90,0.30,8292,28
93,20,100,0.90,0.40,8912,29
93,20,100,0.90,0.50,8464,28
93,20,100,0.90,0.60,8524,27
93,20,100,0.90,0.70,7560,27
93,20,100,0.90,0.80,8592,29
93,20,100,0.90,0.90,8762,28
93,20,100,0.90,1.00,7886,223
93,20,100,1.00,0.00,8242,34
93,20,100,1.00,0.01,8411,30
93,20,100,1.00,0.02,7943,29
93,20,100,1.00,0.05,9516,29
93,20,100,1.00,0.10,9352,27
93,20,100,1.00,0.20,8401,28
93,20,100,1.00,0.30,9108,28
93,20,100,1.00,0.40,9464,28
93,20,100,1.00,0.50,9052,27
93,20,100,1.00,0.60,8344,30
93,20,100,1.00,0.70,8159,27
93,20,100,1.00,0.80,8252,30
93,20,100,1.00,0.90,7884,38
93,20,100,1.00,1.00,8263,146
